日期,新增用户,活跃用户,启动次数,累计用户,新用户占比,平均日使用时长,平均日启动次数
2021-03-12,3,3051,9476,60100,0.1%,--,--
2021-03-11,26,5530,30305,60097,0.47%,00:01:46,5.48
2021-03-10,38,6324,41512,60071,0.6%,00:02:07,6.56
2021-03-09,41,6591,47673,60033,0.62%,00:02:17,7.23
2021-03-08,48,6379,41923,59992,0.75%,00:02:11,6.57
2021-03-07,26,4291,16476,59944,0.61%,00:01:41,3.84
2021-03-06,24,3284,10678,59918,0.73%,00:01:27,3.25
2021-03-05,43,5494,27911,59894,0.78%,00:01:50,5.08
2021-03-04,57,7057,56306,59851,0.81%,00:02:51,7.98
2021-03-03,52,7543,72347,59794,0.69%,00:03:34,9.59
2021-03-02,90,7971,89428,59742,1.13%,00:04:21,11.22
2021-03-01,142,8533,104913,59652,1.66%,00:05:09,12.29
2021-02-28,116,7096,52178,59510,1.63%,00:03:59,7.35
2021-02-27,47,4546,20422,59394,1.03%,00:02:32,4.49
2021-02-26,51,4282,18433,59347,1.19%,00:02:27,4.3
2021-02-25,32,3161,11246,59296,1.01%,00:01:53,3.56
2021-02-24,24,2246,6881,59264,1.07%,00:01:41,3.06
2021-02-23,21,2281,7570,59240,0.92%,00:01:34,3.32
2021-02-22,23,2375,7463,59219,0.97%,00:01:34,3.14
2021-02-21,25,1899,5469,59196,1.32%,00:01:26,2.88
2021-02-20,16,1780,4990,59171,0.9%,00:01:22,2.8
2021-02-19,25,1980,5693,59155,1.26%,00:01:23,2.88
2021-02-18,18,1771,4686,59130,1.02%,00:01:11,2.65
2021-02-17,14,1637,4364,59112,0.86%,00:01:17,2.67
2021-02-16,14,1550,4011,59098,0.9%,00:01:09,2.59
2021-02-15,15,1558,4135,59084,0.96%,00:01:08,2.65
2021-02-14,12,1486,3723,59069,0.81%,00:01:00,2.51
2021-02-13,8,1558,4257,59057,0.51%,00:01:01,2.73
2021-02-12,10,1557,4514,59049,0.64%,00:00:59,2.9
2021-02-11,11,1737,5253,59039,0.63%,00:01:10,3.02
2021-02-10,16,2163,7230,59028,0.74%,00:01:24,3.34
2021-02-09,18,2404,8963,59012,0.75%,00:01:28,3.73
2021-02-08,23,2757,10872,58994,0.83%,00:01:37,3.94
2021-02-07,23,3214,14372,58971,0.72%,00:01:43,4.47
2021-02-06,25,3578,17114,58948,0.7%,00:01:51,4.78
2021-02-05,24,4103,20874,58923,0.58%,00:02:01,5.09
2021-02-04,23,4560,25896,58899,0.5%,00:02:13,5.68
2021-02-03,31,5252,34680,58876,0.59%,00:02:35,6.6
2021-02-02,31,5480,39933,58845,0.57%,00:02:45,7.29
2021-02-01,50,5972,47364,58814,0.84%,00:02:53,7.93
2021-01-31,54,5943,47734,58764,0.91%,00:02:56,8.03
2021-01-30,54,6197,56798,58710,0.87%,00:03:32,9.17
2021-01-29,57,6348,59103,58656,0.9%,00:03:24,9.31
2021-01-28,42,6603,63433,58599,0.64%,00:03:19,9.61
2021-01-27,47,6739,65459,58557,0.7%,00:03:41,9.71
2021-01-26,45,6771,60116,58510,0.66%,00:03:03,8.88
2021-01-25,37,6670,57831,58465,0.55%,00:02:54,8.67
2021-01-24,41,7054,56274,58428,0.58%,00:02:44,7.98
2021-01-23,20,5824,38104,58387,0.34%,00:02:15,6.54
2021-01-22,38,5781,35101,58367,0.66%,00:02:09,6.07
2021-01-21,25,6032,37218,58329,0.41%,00:02:17,6.17
2021-01-20,36,6113,36212,58304,0.59%,00:02:17,5.92
2021-01-19,19,5490,22412,58268,0.35%,00:01:39,4.08
2021-01-18,28,5555,23890,58249,0.5%,00:01:50,4.3
2021-01-17,9,4630,16140,58221,0.19%,00:01:35,3.49
2021-01-16,14,4769,18119,58212,0.29%,00:01:36,3.8
2021-01-15,19,4692,16894,58198,0.4%,00:01:36,3.6
2021-01-14,13,4862,19348,58179,0.27%,00:01:52,3.98
2021-01-13,22,5288,21999,58166,0.42%,00:01:56,4.16
2021-01-12,22,5217,22380,58144,0.42%,00:01:59,4.29
2021-01-11,38,5451,24140,58122,0.7%,00:02:06,4.43
2021-01-10,23,3711,12352,58084,0.62%,00:01:48,3.33
2021-01-09,21,3127,10143,58061,0.67%,00:01:42,3.24
2021-01-08,28,4069,15624,58040,0.69%,00:01:54,3.84
2021-01-07,23,4700,18710,58012,0.49%,00:01:50,3.98
2021-01-06,25,4791,19648,57989,0.52%,00:01:54,4.1
2021-01-05,26,5215,23574,57964,0.5%,00:02:25,4.52
2021-01-04,38,5592,27971,57938,0.68%,00:02:25,5.0
2021-01-03,15,3337,10304,57900,0.45%,00:01:44,3.09
2021-01-02,22,2647,7396,57885,0.83%,00:01:38,2.79
2021-01-01,14,2396,6326,57863,0.58%,00:01:39,2.64
2020-12-31,15,2853,8540,57849,0.53%,00:01:47,2.99
2020-12-30,26,5758,34915,57834,0.45%,00:03:16,6.06
2020-12-29,19,4620,18172,57808,0.41%,00:01:41,3.93
2020-12-28,32,4865,20053,57789,0.66%,00:01:54,4.12
2020-12-27,10,3531,12126,57757,0.28%,00:02:08,3.43
2020-12-26,7,3057,10451,57747,0.23%,00:02:22,3.42
2020-12-25,25,4707,21951,57740,0.53%,00:03:28,4.66
2020-12-24,19,4383,17633,57715,0.43%,00:01:51,4.02
2020-12-23,23,5039,24679,57696,0.46%,00:02:19,4.9
2020-12-22,22,4320,16314,57673,0.51%,00:01:30,3.78
2020-12-21,26,4234,16025,57651,0.61%,00:01:34,3.78
2020-12-20,20,2758,8186,57625,0.73%,00:01:22,2.97
2020-12-19,17,2435,7386,57605,0.7%,00:01:30,3.03
2020-12-18,20,3042,9686,57588,0.66%,00:01:18,3.18
2020-12-17,26,4077,15409,57568,0.64%,00:01:30,3.78
2020-12-16,20,4502,18607,57542,0.44%,00:01:45,4.13
2020-12-15,17,4309,16951,57522,0.39%,00:01:23,3.93
2020-12-14,22,4303,16604,57505,0.51%,00:01:29,3.86
2020-12-13,19,2732,8208,57483,0.7%,00:01:12,3.0
2020-12-12,26,2243,6464,57464,1.16%,00:01:15,2.88
2020-12-11,14,3335,10550,57438,0.42%,00:01:12,3.16
2020-12-10,20,4212,16333,57424,0.47%,00:01:20,3.88
2020-12-09,22,4674,19670,57404,0.47%,00:01:24,4.21
2020-12-08,18,4745,19728,57382,0.38%,00:01:30,4.16
2020-12-07,30,4978,21147,57364,0.6%,00:01:38,4.25
2020-12-06,21,3213,10187,57334,0.65%,00:01:16,3.17
2020-12-05,20,2633,7984,57313,0.76%,00:01:14,3.03
2020-12-04,34,3853,13429,57293,0.88%,00:01:21,3.49
2020-12-03,26,4945,21884,57259,0.53%,00:01:29,4.43
2020-12-02,38,5641,27406,57233,0.67%,00:01:38,4.86
2020-12-01,42,5683,28464,57195,0.74%,00:01:47,5.01
2020-11-30,50,5905,30951,57153,0.85%,00:01:56,5.24
2020-11-29,26,4326,17622,57103,0.6%,00:01:34,4.07
2020-11-28,36,4214,17261,57077,0.85%,00:01:31,4.1
2020-11-27,29,5217,26301,57041,0.56%,00:01:49,5.04
2020-11-26,41,6551,39307,57012,0.63%,00:02:07,6.0
2020-11-25,51,7046,47266,56971,0.72%,00:02:25,6.71
2020-11-24,56,7108,50081,56920,0.79%,00:02:37,7.05
2020-11-23,104,7401,53222,56864,1.41%,00:02:54,7.19
2020-11-22,55,5700,26175,56760,0.96%,00:02:12,4.59
2020-11-21,47,4026,15717,56705,1.17%,00:01:48,3.9
2020-11-20,52,4567,19213,56658,1.14%,00:01:56,4.21
2020-11-19,41,4305,16628,56606,0.95%,00:01:41,3.86
2020-11-18,42,4307,17382,56565,0.98%,00:01:36,4.04
2020-11-17,40,4388,17120,56523,0.91%,00:01:30,3.9
2020-11-16,63,4921,20561,56483,1.28%,00:01:36,4.18
2020-11-15,57,3897,11811,56420,1.46%,00:01:20,3.03
2020-11-14,44,3831,11001,56363,1.15%,00:01:08,2.87
2020-11-13,35,4153,14052,56319,0.84%,00:01:19,3.38
2020-11-12,49,5330,22665,56284,0.92%,00:01:36,4.25
2020-11-11,56,5503,24569,56235,1.02%,00:01:42,4.46
2020-11-10,49,5208,20192,56179,0.94%,00:01:36,3.88
2020-11-09,62,5934,27384,56130,1.04%,00:01:48,4.61
2020-11-08,69,4695,17387,56068,1.47%,00:01:36,3.7
2020-11-07,39,3537,11623,55999,1.1%,00:01:36,3.29
2020-11-06,48,4505,17108,55960,1.07%,00:01:40,3.8
2020-11-05,51,5347,23864,55912,0.95%,00:01:54,4.46
2020-11-04,70,5257,24262,55861,1.33%,00:01:57,4.62
2020-11-03,63,5375,24856,55791,1.17%,00:01:57,4.62
2020-11-02,76,5391,25067,55728,1.41%,00:02:00,4.65
2020-11-01,40,3281,11306,55652,1.22%,00:01:44,3.45
2020-10-31,36,2576,8143,55612,1.4%,00:01:40,3.16
2020-10-30,53,4033,15250,55576,1.31%,00:01:35,3.78
2020-10-29,43,4762,20904,55523,0.9%,00:01:44,4.39
2020-10-28,64,5001,23333,55480,1.28%,00:01:54,4.67
2020-10-27,58,5166,24618,55416,1.12%,00:01:52,4.77
2020-10-26,69,5129,24159,55358,1.35%,00:01:55,4.71
2020-10-25,57,3198,10712,55289,1.78%,00:01:46,3.35
2020-10-24,41,2736,8339,55232,1.5%,00:01:35,3.05
2020-10-23,73,3164,9942,55191,2.31%,00:01:24,3.14
2020-10-22,42,4903,22085,55118,0.86%,00:01:39,4.5
2020-10-21,42,5136,24311,55076,0.82%,00:01:46,4.73
2020-10-20,46,5325,27378,55034,0.86%,00:01:58,5.14
2020-10-19,62,5492,28553,54988,1.13%,00:02:00,5.2
2020-10-18,39,3386,11341,54926,1.15%,00:01:37,3.35
2020-10-17,49,3082,10294,54887,1.59%,00:01:35,3.34
2020-10-16,51,4266,16141,54838,1.2%,00:01:35,3.78
2020-10-15,41,5151,24950,54787,0.8%,00:01:50,4.84
2020-10-14,37,5601,30049,54746,0.66%,00:01:58,5.36
2020-10-13,59,5811,33004,54709,1.02%,00:02:00,5.68
2020-10-12,47,6062,34275,54650,0.78%,00:02:06,5.65
2020-10-11,47,4161,14119,54603,1.13%,00:01:41,3.39
2020-10-10,75,6029,34889,54556,1.24%,00:02:10,5.79
2020-10-09,83,6044,29667,54481,1.37%,00:02:03,4.91
2020-10-08,77,4884,18914,54398,1.58%,00:01:55,3.87
2020-10-07,47,3695,11826,54321,1.27%,00:01:27,3.2
2020-10-06,31,3140,9537,54274,0.99%,00:01:30,3.04
2020-10-05,37,2740,7716,54243,1.35%,00:01:29,2.82
2020-10-04,41,2248,6187,54206,1.82%,00:01:32,2.75
2020-10-03,30,2045,5605,54165,1.47%,00:01:22,2.74
2020-10-02,26,2040,5691,54135,1.27%,00:01:25,2.79
2020-10-01,22,2376,6580,54109,0.93%,00:01:19,2.77
2020-09-30,33,5167,25349,54087,0.64%,00:01:50,4.91
2020-09-29,52,6105,35564,54054,0.85%,00:02:04,5.83
2020-09-28,58,6319,38112,54002,0.92%,00:02:18,6.03
2020-09-27,105,6447,39546,53944,1.63%,00:02:29,6.13
2020-09-26,65,5079,21027,53839,1.28%,00:02:00,4.14
2020-09-25,76,5640,27868,53774,1.35%,00:02:05,4.94
2020-09-24,63,6573,44288,53698,0.96%,00:02:25,6.74
2020-09-23,69,6910,52365,53635,1.0%,00:02:48,7.58
2020-09-22,95,7344,59151,53566,1.29%,00:03:04,8.05
2020-09-21,173,7623,65054,53471,2.27%,00:03:22,8.53
2020-09-20,106,5903,31249,53298,1.8%,00:02:41,5.29
2020-09-19,84,5780,30435,53192,1.45%,00:02:29,5.27
2020-09-18,118,6581,47533,53108,1.79%,00:02:53,7.22
2020-09-17,137,7684,81992,52990,1.78%,00:04:03,10.67
2020-09-16,181,7987,98887,52853,2.27%,00:04:58,12.38
2020-09-15,170,8138,116051,52672,2.09%,00:05:47,14.26
2020-09-14,295,8682,141230,52502,3.4%,00:07:29,16.27
2020-09-13,312,7662,79325,52207,4.07%,00:05:43,10.35
2020-09-12,178,6383,50321,51895,2.79%,00:04:29,7.88
2020-09-11,161,5721,42284,51717,2.81%,00:03:42,7.39
2020-09-10,157,5762,46244,51556,2.72%,00:03:54,8.03
2020-09-09,104,5105,36121,51399,2.04%,00:03:09,7.08
2020-09-08,87,5064,36290,51295,1.72%,00:03:03,7.17
2020-09-07,114,5027,36107,51208,2.27%,00:03:02,7.18
2020-09-06,53,4090,24480,51094,1.3%,00:02:34,5.99
2020-09-05,61,4140,26971,51041,1.47%,00:02:40,6.51
2020-09-04,90,4335,28171,50980,2.08%,00:02:52,6.5
2020-09-03,73,4205,27497,50890,1.74%,00:02:48,6.54
2020-09-02,66,4086,23108,50817,1.62%,00:02:27,5.66
2020-09-01,36,3524,15054,50751,1.02%,00:02:03,4.27
2020-08-31,36,3080,11122,50715,1.17%,00:01:52,3.61
2020-08-30,25,2794,9497,50679,0.89%,00:01:54,3.4
2020-08-29,23,2331,7264,50654,0.99%,00:01:39,3.12
2020-08-28,23,1923,5461,50631,1.2%,00:01:37,2.84
2020-08-27,14,1893,5370,50608,0.74%,00:01:31,2.84
2020-08-26,34,1766,5086,50594,1.93%,00:01:30,2.88
2020-08-25,21,1552,4286,50560,1.35%,00:01:31,2.76
2020-08-24,20,1684,4653,50539,1.19%,00:01:22,2.76
2020-08-23,15,1427,3796,50519,1.05%,00:01:27,2.66
2020-08-22,17,1333,3410,50504,1.28%,00:01:22,2.56
2020-08-21,11,1505,4036,50487,0.73%,00:01:20,2.68
2020-08-20,15,1608,4594,50476,0.93%,00:01:28,2.86
2020-08-19,20,1554,4075,50461,1.29%,00:01:32,2.62
2020-08-18,11,1488,4117,50441,0.74%,00:01:22,2.77
2020-08-17,11,1560,4533,50430,0.71%,00:01:32,2.91
2020-08-16,10,1402,3780,50419,0.71%,00:01:21,2.7
2020-08-15,8,1293,3490,50409,0.62%,00:01:33,2.7
2020-08-14,3,1411,4260,50401,0.21%,00:01:36,3.02
2020-08-13,12,1376,3890,50398,0.87%,00:01:23,2.83
2020-08-12,12,1425,4401,50386,0.84%,00:01:24,3.09
2020-08-11,12,1608,4637,50374,0.75%,00:01:34,2.88
2020-08-10,13,1869,5902,50362,0.7%,00:01:45,3.16
2020-08-09,11,1522,4741,50349,0.72%,00:01:39,3.11
2020-08-08,16,1299,3789,50338,1.23%,00:01:36,2.92
2020-08-07,16,1325,3729,50322,1.21%,00:01:32,2.81
2020-08-06,9,1255,3339,50306,0.72%,00:01:18,2.66
2020-08-05,12,1284,3422,50297,0.93%,00:01:29,2.67
2020-08-04,10,1077,2969,50285,0.93%,00:01:24,2.76
2020-08-03,5,1268,3461,50275,0.39%,00:01:26,2.73
2020-08-02,9,1088,2569,50270,0.83%,00:01:05,2.36
2020-08-01,9,1039,2644,50261,0.87%,00:01:19,2.54
2020-07-31,12,1104,3022,50252,1.09%,00:01:20,2.74
2020-07-30,9,1125,2864,50240,0.8%,00:01:12,2.55
2020-07-29,10,1418,3906,50231,0.71%,00:01:23,2.75
2020-07-28,11,1340,3583,50221,0.82%,00:01:20,2.67
2020-07-27,9,1365,3810,50210,0.66%,00:01:16,2.79
2020-07-26,10,1294,3427,50201,0.77%,00:01:26,2.65
2020-07-25,8,1127,2876,50191,0.71%,00:01:13,2.55
2020-07-24,11,1413,3801,50183,0.78%,00:01:11,2.69
2020-07-23,9,1457,4221,50172,0.62%,00:01:24,2.9
2020-07-22,15,1720,4663,50163,0.87%,00:01:23,2.71
2020-07-21,9,1389,4036,50148,0.65%,00:01:21,2.91
2020-07-20,13,1476,4041,50139,0.88%,00:01:05,2.74
2020-07-19,9,1288,3284,50126,0.7%,00:01:04,2.55
2020-07-18,4,1303,3263,50117,0.31%,00:00:56,2.5
2020-07-17,12,1494,4022,50113,0.8%,00:01:10,2.69
2020-07-16,14,1626,4684,50101,0.86%,00:01:16,2.88
2020-07-15,10,1687,4958,50087,0.59%,00:01:16,2.94
2020-07-14,14,1979,6331,50077,0.71%,00:01:22,3.2
2020-07-13,11,1979,6436,50063,0.56%,00:01:21,3.25
2020-07-12,14,1991,6245,50052,0.7%,00:01:15,3.14
2020-07-11,14,2307,8357,50038,0.61%,00:01:20,3.62
2020-07-10,16,2875,13832,50024,0.56%,00:01:53,4.81
2020-07-09,9,3195,15554,50008,0.28%,00:01:47,4.87
2020-07-08,14,3721,19669,49999,0.38%,00:01:54,5.29
2020-07-07,7,3777,21140,49985,0.19%,00:01:57,5.6
2020-07-06,18,3928,21933,49978,0.46%,00:01:52,5.58
2020-07-05,6,3869,21479,49960,0.16%,00:01:58,5.55
2020-07-04,17,4231,25554,49954,0.4%,00:02:09,6.04
2020-07-03,13,4617,31662,49937,0.28%,00:02:37,6.86
2020-07-02,17,4811,34093,49924,0.35%,00:02:33,7.09
2020-07-01,17,4788,33163,49907,0.36%,00:02:22,6.93
2020-06-30,24,4774,31194,49890,0.5%,00:02:23,6.53
2020-06-29,21,4924,32760,49866,0.43%,00:02:17,6.65
2020-06-28,16,4618,28256,49845,0.35%,00:02:12,6.12
2020-06-27,17,4234,24834,49829,0.4%,00:01:59,5.87
2020-06-26,15,4033,21744,49812,0.37%,00:01:49,5.39
2020-06-25,16,3674,16924,49797,0.44%,00:01:43,4.61
2020-06-24,10,3820,17962,49781,0.26%,00:01:52,4.7
2020-06-23,12,3759,16139,49771,0.32%,00:01:48,4.29
2020-06-22,12,3460,13465,49759,0.35%,00:01:47,3.89
2020-06-21,12,2822,9067,49747,0.43%,00:01:32,3.21
2020-06-20,11,2686,9214,49735,0.41%,00:01:36,3.43
2020-06-19,19,2734,8734,49724,0.69%,00:01:30,3.19
2020-06-18,9,2920,9515,49705,0.31%,00:01:35,3.26
2020-06-17,19,3265,11073,49696,0.58%,00:01:53,3.39
2020-06-16,19,4031,15120,49677,0.47%,00:01:55,3.75
2020-06-15,17,3947,13772,49658,0.43%,00:01:56,3.49
2020-06-14,14,3566,12020,49641,0.39%,00:02:04,3.37
2020-06-13,14,3859,17573,49627,0.36%,00:02:44,4.55
2020-06-12,21,3048,10097,49613,0.69%,00:01:50,3.31
2020-06-11,16,3789,13878,49592,0.42%,00:02:37,3.66
2020-06-10,18,3878,15011,49576,0.46%,00:02:30,3.87
2020-06-09,19,4899,26515,49558,0.39%,00:03:58,5.41
2020-06-08,13,3878,15879,49539,0.34%,00:02:09,4.09
2020-06-07,15,2165,6279,49526,0.69%,00:01:19,2.9
2020-06-06,13,2040,5965,49511,0.64%,00:01:22,2.92
2020-06-05,15,2725,8585,49498,0.55%,00:01:32,3.15
2020-06-04,9,3040,9337,49483,0.3%,00:01:21,3.07
2020-06-03,15,3192,10279,49474,0.47%,00:01:26,3.22
2020-06-02,14,3646,12593,49459,0.38%,00:01:32,3.45
2020-06-01,19,2958,9575,49445,0.64%,00:01:34,3.24
2020-05-31,6,1816,4655,49426,0.33%,00:01:15,2.56
2020-05-30,14,1672,4625,49420,0.84%,00:01:29,2.77
2020-05-29,12,2063,5644,49406,0.58%,00:01:18,2.74
2020-05-28,5,2495,7213,49394,0.2%,00:01:16,2.89
2020-05-27,4,2740,8216,49389,0.15%,00:01:17,3.0
2020-05-26,8,2919,9385,49385,0.27%,00:01:24,3.22
2020-05-25,11,2711,8237,49377,0.41%,00:01:28,3.04
2020-05-24,14,1817,4920,49366,0.77%,00:01:20,2.71
2020-05-23,5,1566,4040,49352,0.32%,00:01:08,2.58
2020-05-22,14,2041,5679,49347,0.69%,00:01:15,2.78
2020-05-21,10,2519,7503,49333,0.4%,00:01:16,2.98
2020-05-20,12,2820,8564,49323,0.43%,00:01:17,3.04
2020-05-19,10,3132,10039,49311,0.32%,00:01:19,3.21
2020-05-18,11,2896,8825,49301,0.38%,00:01:20,3.05
2020-05-17,17,2076,5429,49290,0.82%,00:01:08,2.62
2020-05-16,8,1736,4672,49273,0.46%,00:01:16,2.69
2020-05-15,16,2223,5890,49265,0.72%,00:01:05,2.65
2020-05-14,10,2903,9082,49249,0.34%,00:01:13,3.13
2020-05-13,11,3297,10685,49239,0.33%,00:01:26,3.24
2020-05-12,18,3304,10682,49228,0.54%,00:01:20,3.23
2020-05-11,9,3267,10998,49210,0.28%,00:01:19,3.37
2020-05-10,18,2422,6746,49201,0.74%,00:01:13,2.79
2020-05-09,15,3404,11298,49183,0.44%,00:01:14,3.32
2020-05-08,18,3504,11109,49168,0.51%,00:01:19,3.17
2020-05-07,19,3569,12686,49150,0.53%,00:01:24,3.55
2020-05-06,18,3877,14537,49131,0.46%,00:01:24,3.75
2020-05-05,16,3283,9825,49113,0.49%,00:01:12,2.99
2020-05-04,15,2412,6286,49097,0.62%,00:01:05,2.61
2020-05-03,11,2008,5104,49082,0.55%,00:00:58,2.54
2020-05-02,10,1865,5081,49071,0.54%,00:01:04,2.72
2020-05-01,8,2117,5912,49061,0.38%,00:01:16,2.79
2020-04-30,9,3372,11011,49053,0.27%,00:01:13,3.27
2020-04-29,14,3593,12269,49044,0.39%,00:01:18,3.41
2020-04-28,20,3648,12676,49030,0.55%,00:01:25,3.47
2020-04-27,20,3819,13754,49010,0.52%,00:01:34,3.6
2020-04-26,17,3936,13957,48990,0.43%,00:01:35,3.55
2020-04-25,10,3039,9162,48973,0.33%,00:01:20,3.01
2020-04-24,20,3047,9019,48963,0.66%,00:01:24,2.96
2020-04-23,9,3682,12262,48943,0.24%,00:01:23,3.33
2020-04-22,13,4345,16824,48934,0.3%,00:01:41,3.87
2020-04-21,23,4694,19689,48921,0.49%,00:01:59,4.19
2020-04-20,28,4399,16266,48898,0.64%,00:01:48,3.7
2020-04-19,15,2646,7267,48870,0.57%,00:01:26,2.75
2020-04-18,13,1794,4676,48855,0.72%,00:01:31,2.61
2020-04-17,19,2252,6262,48842,0.84%,00:01:28,2.78
2020-04-16,15,2838,8853,48823,0.53%,00:01:34,3.12
2020-04-15,14,2962,9516,48808,0.47%,00:01:31,3.21
2020-04-14,10,3023,9452,48794,0.33%,00:01:27,3.13
2020-04-13,11,4296,14377,48784,0.26%,00:01:21,3.35
2020-04-12,10,1845,4616,48773,0.54%,00:01:27,2.5
2020-04-11,13,1542,4138,48763,0.84%,00:01:39,2.68
2020-04-10,18,1949,5109,48750,0.92%,00:01:23,2.62
2020-04-09,11,2713,8096,48732,0.41%,00:01:12,2.98
2020-04-08,5,2683,7651,48721,0.19%,00:01:07,2.85
2020-04-07,15,3007,8895,48716,0.5%,00:01:12,2.96
2020-04-06,17,2213,5303,48701,0.77%,00:01:03,2.4
2020-04-05,7,1591,3628,48684,0.44%,00:01:16,2.28
2020-04-04,17,1477,3345,48677,1.15%,00:00:58,2.26
2020-04-03,10,2107,5145,48660,0.47%,00:01:06,2.44
2020-04-02,6,2515,6994,48650,0.24%,00:01:03,2.78
2020-04-01,12,2771,8300,48644,0.43%,00:01:16,3.0
2020-03-31,14,2885,8567,48632,0.49%,00:01:10,2.97
2020-03-30,17,2789,8649,48618,0.61%,00:01:09,3.1
2020-03-29,17,1551,3644,48601,1.1%,00:01:13,2.35
2020-03-28,10,1191,2761,48584,0.84%,00:01:19,2.32
2020-03-27,6,1675,4109,48574,0.36%,00:01:05,2.45
2020-03-26,17,2723,8069,48568,0.62%,00:01:14,2.96
2020-03-25,9,2930,9233,48551,0.31%,00:01:12,3.15
2020-03-24,14,3049,9360,48542,0.46%,00:01:06,3.07
2020-03-23,9,2987,9391,48528,0.3%,00:01:14,3.14
2020-03-22,12,1837,4323,48519,0.65%,00:01:01,2.35
2020-03-21,9,1341,3214,48507,0.67%,00:01:14,2.4
2020-03-20,9,1796,4523,48498,0.5%,00:01:05,2.52
2020-03-19,12,2745,7951,48489,0.44%,00:01:10,2.9
2020-03-18,10,3224,10456,48477,0.31%,00:01:06,3.24
2020-03-17,12,3347,11035,48467,0.36%,00:01:21,3.3
2020-03-16,11,3185,9987,48455,0.35%,00:01:11,3.14
2020-03-15,6,1719,3982,48444,0.35%,00:01:18,2.32
2020-03-14,6,1269,2915,48438,0.47%,00:01:09,2.3
2020-03-13,9,2043,5156,48432,0.44%,00:01:09,2.52
2020-03-12,8,3324,10663,48423,0.24%,00:01:10,3.21
2020-03-11,16,3867,13670,48415,0.41%,00:01:20,3.54
2020-03-10,15,4042,14611,48399,0.37%,00:01:16,3.61
2020-03-09,24,3919,13444,48384,0.61%,00:01:19,3.43
2020-03-08,10,2320,6063,48360,0.43%,00:01:15,2.61
2020-03-07,7,1573,4004,48350,0.45%,00:01:06,2.55
2020-03-06,12,2686,7533,48343,0.45%,00:01:11,2.8
2020-03-05,18,4160,15057,48331,0.43%,00:01:24,3.62
2020-03-04,11,4809,20013,48313,0.23%,00:01:30,4.16
2020-03-03,13,5118,22341,48302,0.25%,00:01:39,4.37
2020-03-02,23,5188,22404,48289,0.44%,00:01:44,4.32
2020-03-01,20,3558,11897,48266,0.56%,00:01:39,3.34
2020-02-29,22,2451,7722,48246,0.9%,00:01:34,3.15
2020-02-28,20,4063,15874,48224,0.49%,00:01:37,3.91
2020-02-27,28,5928,33732,48204,0.47%,00:02:14,5.69
2020-02-26,44,6322,38299,48176,0.7%,00:02:27,6.06
2020-02-25,36,6531,43757,48132,0.55%,00:02:45,6.7
2020-02-24,74,7182,55940,48096,1.03%,00:03:32,7.79
2020-02-23,80,6219,36216,48022,1.29%,00:02:55,5.82
2020-02-22,48,3251,11193,47942,1.48%,00:01:45,3.44
2020-02-21,35,3643,14100,47894,0.96%,00:01:58,3.87
2020-02-20,54,4343,19535,47859,1.24%,00:02:24,4.5
2020-02-19,48,3561,13796,47805,1.35%,00:01:39,3.87
2020-02-18,56,3678,14516,47757,1.52%,00:01:37,3.95
2020-02-17,61,4119,25898,47701,1.48%,00:01:53,6.29
2020-02-16,43,2781,11485,47640,1.55%,00:01:39,4.13
2020-02-15,41,2217,6929,47597,1.85%,00:01:37,3.13
2020-02-14,61,4424,13416,47556,1.38%,00:01:30,3.03
2020-02-13,60,2478,7224,47495,2.42%,00:01:23,2.92
2020-02-12,19,1449,3659,47435,1.31%,00:01:11,2.53
2020-02-11,23,1508,4229,47416,1.53%,00:01:26,2.8
2020-02-10,11,1492,3967,47393,0.74%,00:01:06,2.66
2020-02-09,6,968,2401,47382,0.62%,00:00:59,2.48
2020-02-08,8,1087,2505,47376,0.74%,00:00:56,2.3
2020-02-07,7,2113,5357,47368,0.33%,00:00:51,2.54
2020-02-06,7,1011,2662,47361,0.69%,00:01:06,2.63
2020-02-05,23,1147,2994,47354,2.01%,00:01:04,2.61
2020-02-04,6,1072,2730,47331,0.56%,00:01:11,2.55
2020-02-03,10,1144,2785,47325,0.87%,00:01:12,2.43
2020-02-02,7,1097,2671,47315,0.64%,00:01:06,2.43
2020-02-01,5,1272,3354,47308,0.39%,00:01:14,2.64
2020-01-31,6,1464,3732,47303,0.41%,00:01:07,2.55
2020-01-30,9,1486,3959,47297,0.61%,00:01:10,2.66
2020-01-29,7,1623,4279,47288,0.43%,00:01:01,2.64
2020-01-28,7,1763,4941,47281,0.4%,00:01:08,2.8
2020-01-27,9,2005,5561,47274,0.45%,00:01:02,2.77
2020-01-26,13,2322,7312,47265,0.56%,00:01:11,3.15
2020-01-25,13,2646,9551,47252,0.49%,00:01:17,3.61
2020-01-24,19,3319,13507,47239,0.57%,00:01:29,4.07
2020-01-23,23,4406,24901,47220,0.52%,00:02:09,5.65
2020-01-22,29,5143,29004,47197,0.56%,00:02:03,5.64
2020-01-21,29,5620,35334,47168,0.52%,00:02:19,6.29
2020-01-20,44,5924,38958,47139,0.74%,00:02:23,6.58
2020-01-19,47,6266,47273,47095,0.75%,00:02:51,7.54
2020-01-18,41,6324,50612,47048,0.65%,00:02:53,8.0
2020-01-17,47,6666,56633,47007,0.71%,00:02:52,8.5
2020-01-16,44,6584,55728,46960,0.67%,00:02:43,8.46
2020-01-15,31,6614,55670,46916,0.47%,00:02:31,8.42
2020-01-14,19,6522,50158,46885,0.29%,00:02:11,7.69
2020-01-13,19,6634,53670,46866,0.29%,00:02:11,8.09
2020-01-12,18,6475,47248,46847,0.28%,00:02:10,7.3
2020-01-11,11,6279,40730,46829,0.18%,00:01:54,6.49
2020-01-10,18,5994,35975,46818,0.3%,00:01:51,6.0
2020-01-09,14,5919,33342,46800,0.24%,00:01:51,5.63
2020-01-08,21,5825,28706,46786,0.36%,00:01:41,4.93
2020-01-07,19,6192,32052,46765,0.31%,00:01:51,5.18
2020-01-06,16,6494,34958,46746,0.25%,00:01:56,5.38
2020-01-05,23,5850,25055,46730,0.39%,00:01:40,4.28
2020-01-04,27,4612,19203,46707,0.59%,00:01:40,4.16
2020-01-03,27,5240,23158,46680,0.52%,00:01:43,4.42
2020-01-02,30,5980,31019,46653,0.5%,00:01:53,5.19
2020-01-01,21,4441,16156,46623,0.47%,00:01:29,3.64
2019-12-31,10,3104,10581,46602,0.32%,00:01:17,3.41
2019-12-30,21,5675,27847,46592,0.37%,00:01:48,4.91
2019-12-29,13,4270,16251,46571,0.3%,00:01:29,3.81
2019-12-28,15,3911,14996,46558,0.38%,00:01:27,3.83
2019-12-27,24,4634,19481,46543,0.52%,00:01:35,4.2
2019-12-26,28,5886,30957,46519,0.48%,00:01:51,5.26
2019-12-25,16,5571,26668,46491,0.29%,00:01:41,4.79
2019-12-24,29,5661,27672,46475,0.51%,00:01:45,4.89
2019-12-23,22,6014,31067,46446,0.37%,00:01:57,5.17
2019-12-22,17,4004,15226,46424,0.42%,00:01:22,3.8
2019-12-21,15,3478,12629,46407,0.43%,00:01:26,3.63
2019-12-20,20,6001,31590,46392,0.33%,00:01:51,5.26
2019-12-19,30,5226,24252,46372,0.57%,00:01:37,4.64
2019-12-18,29,5897,30979,46342,0.49%,00:01:55,5.25
2019-12-17,26,5911,30681,46313,0.44%,00:02:01,5.19
2019-12-16,23,6851,44250,46287,0.34%,00:02:50,6.46
2019-12-15,18,4084,16534,46264,0.44%,00:01:29,4.05
2019-12-14,17,3205,12064,46246,0.53%,00:01:16,3.76
2019-12-13,16,4374,18411,46229,0.37%,00:01:24,4.21
2019-12-12,23,5324,25960,46213,0.43%,00:01:26,4.88
2019-12-11,20,5392,26238,46190,0.37%,00:01:30,4.87
2019-12-10,16,5412,27987,46170,0.3%,00:01:33,5.17
2019-12-09,26,5512,27495,46154,0.47%,00:01:35,4.99
2019-12-08,20,3820,15789,46128,0.52%,00:01:18,4.13
2019-12-07,16,3065,12117,46108,0.52%,00:01:13,3.95
2019-12-06,9,3963,16647,46092,0.23%,00:01:18,4.2
2019-12-05,12,4940,23583,46083,0.24%,00:01:22,4.77
2019-12-04,23,5478,28502,46071,0.42%,00:01:30,5.2
2019-12-03,18,5427,27706,46048,0.33%,00:01:31,5.11
2019-12-02,15,5385,27293,46030,0.28%,00:01:29,5.07
2019-12-01,14,3925,17206,46015,0.36%,00:01:23,4.38
2019-11-30,17,3211,12637,46001,0.53%,00:01:16,3.94
2019-11-29,19,4126,17527,45984,0.46%,00:01:12,4.25
2019-11-28,9,5093,24564,45965,0.18%,00:01:22,4.82
2019-11-27,22,5638,29318,45956,0.39%,00:01:28,5.2
2019-11-26,20,5743,29974,45934,0.35%,00:01:29,5.22
2019-11-25,18,5796,30594,45914,0.31%,00:01:33,5.28
2019-11-24,20,4090,18856,45896,0.49%,00:01:26,4.61
2019-11-23,13,3575,14308,45876,0.36%,00:01:19,4.0
2019-11-22,19,4725,21876,45863,0.4%,00:01:26,4.63
2019-11-21,30,5928,34111,45844,0.51%,00:01:37,5.75
2019-11-20,28,6640,42351,45814,0.42%,00:01:43,6.38
2019-11-19,47,6603,41441,45786,0.71%,00:01:50,6.28
2019-11-18,44,6667,41468,45739,0.66%,00:01:51,6.22
2019-11-17,43,5591,30625,45695,0.77%,00:01:45,5.48
2019-11-16,40,5090,24408,45652,0.79%,00:01:34,4.8
2019-11-15,30,5933,31890,45612,0.51%,00:01:37,5.38
2019-11-14,50,6934,47389,45582,0.72%,00:01:59,6.83
2019-11-13,64,7685,60119,45532,0.83%,00:02:16,7.82
2019-11-12,63,7661,60846,45468,0.82%,00:02:29,7.94
2019-11-11,74,7834,63163,45405,0.94%,00:02:31,8.06
2019-11-10,27,6200,33326,45331,0.44%,00:01:55,5.38
2019-11-09,29,5133,23912,45304,0.56%,00:01:29,4.66
2019-11-08,34,4994,23383,45275,0.68%,00:01:36,4.68
2019-11-07,43,5464,28820,45241,0.79%,00:01:52,5.27
2019-11-06,37,5426,25745,45198,0.68%,00:01:32,4.74
2019-11-05,37,6455,37095,45161,0.57%,00:01:44,5.75
2019-11-04,44,6223,30658,45124,0.71%,00:01:41,4.93
2019-11-03,36,5676,24171,45080,0.63%,00:01:29,4.26
2019-11-02,22,4428,19038,45044,0.5%,00:01:29,4.3
2019-11-01,37,5538,27245,45022,0.67%,00:01:34,4.92
2019-10-31,46,6069,33169,44985,0.76%,00:01:40,5.47
2019-10-30,31,6423,38844,44939,0.48%,00:01:52,6.05
2019-10-29,40,6598,40924,44908,0.61%,00:01:53,6.2
2019-10-28,43,6637,41817,44868,0.65%,00:02:08,6.3
2019-10-27,27,4441,19132,44825,0.61%,00:01:28,4.31
2019-10-26,21,3831,16070,44798,0.55%,00:01:29,4.19
2019-10-25,31,4084,17423,44777,0.76%,00:01:28,4.27
2019-10-24,45,5901,32499,44746,0.76%,00:01:35,5.51
2019-10-23,28,6551,40538,44701,0.43%,00:01:51,6.19
2019-10-22,48,6798,47587,44673,0.71%,00:02:01,7.0
2019-10-21,43,6443,39525,44625,0.67%,00:01:54,6.13
2019-10-20,27,4800,21537,44582,0.56%,00:01:37,4.49
2019-10-19,46,6282,40308,44555,0.73%,00:01:52,6.42
2019-10-18,30,5929,30867,44509,0.51%,00:01:43,5.21
2019-10-17,32,6494,41593,44479,0.49%,00:01:53,6.4
2019-10-16,50,6848,47694,44447,0.73%,00:02:04,6.96
2019-10-15,41,5580,27422,44397,0.73%,00:01:49,4.91
2019-10-14,38,4635,20571,44356,0.82%,00:01:35,4.44
2019-10-13,34,3786,15621,44318,0.9%,00:01:30,4.13
2019-10-12,26,4333,19009,44284,0.6%,00:01:32,4.39
2019-10-11,33,5732,28599,44258,0.58%,00:01:34,4.99
2019-10-10,30,6821,46151,44225,0.44%,00:02:01,6.77
2019-10-09,42,7406,59386,44195,0.57%,00:02:29,8.02
2019-10-08,57,7574,63884,44153,0.75%,00:02:42,8.43
2019-10-07,66,5960,29163,44096,1.11%,00:02:05,4.89
2019-10-06,35,3921,14749,44030,0.89%,00:01:34,3.76
2019-10-05,36,3084,11208,43995,1.17%,00:01:27,3.63
2019-10-04,25,2789,9735,43959,0.9%,00:01:23,3.49
2019-10-03,30,2377,7756,43934,1.26%,00:01:23,3.26
2019-10-02,35,2464,7859,43904,1.42%,00:01:13,3.19
2019-10-01,33,2648,9212,43869,1.25%,00:01:19,3.48
2019-09-30,40,6362,40735,43836,0.63%,00:01:56,6.4
2019-09-29,59,5784,29761,43796,1.02%,00:01:44,5.15
2019-09-28,42,4751,20568,43737,0.88%,00:01:36,4.33
2019-09-27,48,6126,34108,43695,0.78%,00:01:56,5.57
2019-09-26,68,7295,56140,43647,0.93%,00:02:32,7.7
2019-09-25,60,7777,73864,43579,0.77%,00:02:58,9.5
2019-09-24,67,7588,63949,43519,0.88%,00:02:35,8.43
2019-09-23,65,7709,67588,43452,0.84%,00:02:47,8.77
2019-09-22,62,5638,27796,43387,1.1%,00:02:01,4.93
2019-09-21,55,4972,24642,43325,1.11%,00:01:57,4.96
2019-09-20,71,6996,52846,43270,1.01%,00:02:35,7.55
2019-09-19,61,7669,70551,43199,0.8%,00:02:51,9.2
2019-09-18,53,7983,85664,43138,0.66%,00:03:13,10.73
2019-09-17,62,8163,90347,43085,0.76%,00:03:32,11.07
2019-09-16,71,8311,95491,43023,0.85%,00:03:55,11.49
2019-09-15,79,6501,34168,42952,1.22%,00:02:17,5.26
2019-09-14,13,5143,25099,42873,0.25%,00:02:01,4.88
2019-09-13,31,4856,21509,42860,0.64%,00:01:55,4.43
2019-09-12,76,8310,105685,42829,0.91%,00:04:27,12.72
2019-09-11,118,8839,138770,42753,1.33%,00:05:52,15.7
2019-09-10,171,9058,158919,42635,1.89%,00:07:02,17.54
2019-09-09,366,9480,190976,42464,3.86%,00:09:24,20.15
2019-09-08,488,8606,99434,42098,5.67%,00:06:47,11.55
2019-09-07,196,6116,37506,41610,3.2%,00:03:59,6.13
2019-09-06,208,6281,44367,41414,3.31%,00:04:51,7.06
2019-09-05,153,4452,22843,41206,3.44%,00:02:53,5.13
2019-09-04,70,3534,15663,41053,1.98%,00:02:24,4.43
2019-09-03,59,3192,13575,40983,1.85%,00:02:17,4.25
2019-09-02,91,3290,15320,40924,2.77%,00:02:43,4.66
2019-09-01,83,2700,11451,40833,3.07%,00:02:08,4.24
2019-08-31,28,1900,6537,40750,1.47%,00:01:30,3.44
2019-08-30,24,1836,6235,40722,1.31%,00:01:35,3.4
2019-08-29,27,1863,6166,40698,1.45%,00:01:31,3.31
2019-08-28,30,1849,6331,40671,1.62%,00:01:35,3.42
2019-08-27,20,1791,5721,40641,1.12%,00:01:24,3.19
2019-08-26,35,1880,6385,40621,1.86%,00:01:30,3.4
2019-08-25,36,1732,5968,40586,2.08%,00:01:39,3.45
2019-08-24,41,1804,7331,40550,2.27%,00:01:48,4.06
2019-08-23,21,1509,4831,40509,1.39%,00:01:27,3.2
2019-08-22,11,1512,5194,40488,0.73%,00:01:34,3.44
2019-08-21,55,1902,7255,40477,2.89%,00:02:17,3.81
2019-08-20,108,1925,8325,40422,5.61%,00:02:58,4.32
2019-08-19,183,1955,8726,40314,9.36%,00:02:50,4.46
2019-08-18,112,1491,5187,40131,7.51%,00:01:34,3.48
2019-08-17,106,1409,4886,40019,7.52%,00:01:46,3.47
2019-08-16,44,1384,4362,39913,3.18%,00:01:28,3.15
2019-08-15,30,1429,4692,39869,2.1%,00:01:27,3.28
2019-08-14,15,1329,4214,39839,1.13%,00:01:23,3.17
2019-08-13,23,1238,3744,39824,1.86%,00:01:19,3.02
2019-08-12,25,1207,3638,39801,2.07%,00:01:20,3.01
2019-08-11,13,1019,2981,39776,1.28%,00:01:15,2.93
2019-08-10,8,925,2573,39763,0.86%,00:01:08,2.78
2019-08-09,16,1086,3165,39755,1.47%,00:01:18,2.91
2019-08-08,8,1098,2990,39739,0.73%,00:01:09,2.72
2019-08-07,14,1109,3251,39731,1.26%,00:01:08,2.93
2019-08-06,15,1214,3539,39717,1.24%,00:01:25,2.92
2019-08-05,13,1215,3883,39702,1.07%,00:01:24,3.2
2019-08-04,20,1113,3340,39689,1.8%,00:01:11,3.0
2019-08-03,12,1036,3066,39669,1.16%,00:01:13,2.96
2019-08-02,15,1158,3431,39657,1.3%,00:01:10,2.96
2019-08-01,18,1182,3636,39642,1.52%,00:01:08,3.08
2019-07-31,4,1195,3473,39624,0.33%,00:01:15,2.91
2019-07-30,13,1250,3683,39620,1.04%,00:01:19,2.95
2019-07-29,15,1229,3628,39607,1.22%,00:01:19,2.95
2019-07-28,11,1226,3659,39592,0.9%,00:01:12,2.98
2019-07-27,14,1173,3782,39581,1.19%,00:01:17,3.22
2019-07-26,18,1323,3861,39567,1.36%,00:01:17,2.92
2019-07-25,11,1306,3852,39549,0.84%,00:01:11,2.95
2019-07-24,13,1395,4164,39538,0.93%,00:01:12,2.98
2019-07-23,27,1534,4997,39525,1.76%,00:01:21,3.26
2019-07-22,20,1621,4949,39498,1.23%,00:01:17,3.05
2019-07-21,17,1501,4446,39478,1.13%,00:01:10,2.96
2019-07-20,20,1634,4841,39461,1.22%,00:01:12,2.96
2019-07-19,11,1882,6016,39441,0.58%,00:01:15,3.2
2019-07-18,21,1995,6162,39430,1.05%,00:01:17,3.09
2019-07-17,7,2279,8211,39409,0.31%,00:01:32,3.6
2019-07-16,13,2578,9051,39402,0.5%,00:01:35,3.51
2019-07-15,16,2874,10588,39389,0.56%,00:01:35,3.68
2019-07-14,21,2965,11405,39373,0.71%,00:01:46,3.85
2019-07-13,26,3576,18198,39352,0.73%,00:02:17,5.09
2019-07-12,19,4233,24958,39326,0.45%,00:02:38,5.9
2019-07-11,16,4944,29828,39307,0.32%,00:02:25,6.03
2019-07-10,17,5625,35483,39291,0.3%,00:02:41,6.31
2019-07-09,26,5780,33197,39274,0.45%,00:02:17,5.74
2019-07-08,30,6184,39378,39248,0.49%,00:02:30,6.37
2019-07-07,25,6737,51736,39218,0.37%,00:03:11,7.68
2019-07-06,21,7057,64848,39193,0.3%,00:03:54,9.19
2019-07-05,22,7375,77698,39172,0.3%,00:04:15,10.54
2019-07-04,27,7774,93298,39150,0.35%,00:04:33,12.0
2019-07-03,45,7972,101253,39123,0.56%,00:04:35,12.7
2019-07-02,25,7695,81352,39078,0.32%,00:03:33,10.57
2019-07-01,20,7659,78373,39053,0.26%,00:03:29,10.23
2019-06-30,20,7242,58815,39033,0.28%,00:02:27,8.12
2019-06-29,24,7287,63748,39013,0.33%,00:02:44,8.75
2019-06-28,18,7512,70363,38989,0.24%,00:02:56,9.37
2019-06-27,21,7671,67394,38971,0.27%,00:02:40,8.79
2019-06-26,27,7547,51653,38950,0.36%,00:02:13,6.84
2019-06-25,9,7205,47884,38923,0.12%,00:02:17,6.65
2019-06-24,17,6760,35565,38914,0.25%,00:02:04,5.26
2019-06-23,27,6144,33656,38897,0.44%,00:02:08,5.48
2019-06-22,17,5357,23579,38870,0.32%,00:01:56,4.4
2019-06-21,15,5539,24706,38853,0.27%,00:01:59,4.46
2019-06-20,20,6189,31573,38838,0.32%,00:02:21,5.1
2019-06-19,26,6215,32132,38818,0.42%,00:02:12,5.17
2019-06-18,21,6547,39947,38792,0.32%,00:02:58,6.1
2019-06-17,16,6215,30913,38771,0.26%,00:02:11,4.97
2019-06-16,20,4893,20615,38755,0.41%,00:02:06,4.21
2019-06-15,21,4084,15763,38735,0.51%,00:01:53,3.86
2019-06-14,19,5089,22001,38714,0.37%,00:02:10,4.32
2019-06-13,27,5933,32144,38695,0.46%,00:03:25,5.42
2019-06-12,26,7120,61697,38668,0.37%,00:05:12,8.67
2019-06-11,16,5611,27807,38642,0.29%,00:02:04,4.96
2019-06-10,10,5554,25001,38626,0.18%,00:01:41,4.5
2019-06-09,20,3641,12992,38616,0.55%,00:01:19,3.57
2019-06-08,10,2947,10186,38596,0.34%,00:01:20,3.46
2019-06-07,21,2829,9213,38586,0.74%,00:01:18,3.26
2019-06-06,25,4898,20505,38565,0.51%,00:01:29,4.19
2019-06-05,23,5437,24853,38540,0.42%,00:01:36,4.57
2019-06-04,22,5616,26991,38517,0.39%,00:01:54,4.81
2019-06-03,29,6159,34121,38495,0.47%,00:02:55,5.54
2019-06-02,28,4513,20231,38466,0.62%,00:02:28,4.48
2019-06-01,22,3872,16601,38438,0.57%,00:02:25,4.29
2019-05-31,15,6076,42800,38416,0.25%,00:05:09,7.04
2019-05-30,23,5744,35906,38401,0.4%,00:02:48,6.25
2019-05-29,14,5157,25380,38378,0.27%,00:01:45,4.92
2019-05-28,18,5159,25047,38364,0.35%,00:01:41,4.86
2019-05-27,16,5155,24338,38346,0.31%,00:01:37,4.72
2019-05-26,13,3706,14324,38330,0.35%,00:01:27,3.87
2019-05-25,13,2944,11078,38317,0.44%,00:01:26,3.76
2019-05-24,11,3947,15814,38304,0.28%,00:01:32,4.01
2019-05-23,14,5436,28227,38293,0.26%,00:02:16,5.19
2019-05-22,13,5001,22767,38279,0.26%,00:01:20,4.55
2019-05-21,21,5154,23535,38266,0.41%,00:01:21,4.57
2019-05-20,14,5017,22568,38245,0.28%,00:01:21,4.5
2019-05-19,11,3730,14441,38231,0.29%,00:01:16,3.87
2019-05-18,5,2888,10677,38220,0.17%,00:01:17,3.7
2019-05-17,17,3997,15745,38215,0.43%,00:01:18,3.94
2019-05-16,16,5003,21913,38198,0.32%,00:01:18,4.38
2019-05-15,11,5442,26508,38182,0.2%,00:01:25,4.87
2019-05-14,23,5517,27772,38171,0.42%,00:01:33,5.03
2019-05-13,18,5550,27541,38148,0.32%,00:01:32,4.96
2019-05-12,11,4090,15752,38130,0.27%,00:01:18,3.85
2019-05-11,12,3465,13602,38119,0.35%,00:01:24,3.93
2019-05-10,25,4638,20142,38107,0.54%,00:01:25,4.34
2019-05-09,15,5611,28634,38082,0.27%,00:01:31,5.1
2019-05-08,21,6603,41933,38067,0.32%,00:01:52,6.35
2019-05-07,23,6368,35020,38046,0.36%,00:01:45,5.5
2019-05-06,23,6629,38859,38023,0.35%,00:01:51,5.86
2019-05-05,27,6400,35988,38000,0.42%,00:01:49,5.62
2019-05-04,20,5173,22215,37973,0.39%,00:01:28,4.29
2019-05-03,23,4294,17959,37953,0.54%,00:01:26,4.18
2019-05-02,8,4067,18225,37930,0.2%,00:01:31,4.48
2019-05-01,18,4313,19108,37922,0.42%,00:01:28,4.43
2019-04-30,19,7016,50460,37904,0.27%,00:02:13,7.19
2019-04-29,18,7510,61029,37885,0.24%,00:02:43,8.13
2019-04-28,35,7638,66020,37867,0.46%,00:03:04,8.64
2019-04-27,17,6635,39573,37832,0.26%,00:02:26,5.96
2019-04-26,31,6220,36110,37815,0.5%,00:02:18,5.81
2019-04-25,23,6060,34150,37784,0.38%,00:02:18,5.64
2019-04-24,20,5510,28354,37761,0.36%,00:01:49,5.15
2019-04-23,24,5675,30345,37741,0.42%,00:01:51,5.35
2019-04-22,19,5846,30924,37717,0.33%,00:01:49,5.29
2019-04-21,14,4962,19744,37698,0.28%,00:01:32,3.98
2019-04-20,17,4141,15495,37684,0.41%,00:01:20,3.74
2019-04-19,17,5045,21067,37667,0.34%,00:01:32,4.18
2019-04-18,21,5628,26029,37650,0.37%,00:01:39,4.62
2019-04-17,27,5699,27573,37629,0.47%,00:01:43,4.84
2019-04-16,12,5704,27797,37602,0.21%,00:01:38,4.87
2019-04-15,23,5927,30215,37590,0.39%,00:01:54,5.1
2019-04-14,17,4171,16626,37567,0.41%,00:01:33,3.99
2019-04-13,18,3465,13008,37550,0.52%,00:01:21,3.75
2019-04-12,21,4718,20100,37532,0.45%,00:01:27,4.26
2019-04-11,20,5090,23420,37511,0.39%,00:01:32,4.6
2019-04-10,24,5580,27350,37491,0.43%,00:01:40,4.9
2019-04-09,25,5676,27853,37467,0.44%,00:01:44,4.91
2019-04-08,33,5620,27721,37442,0.59%,00:01:38,4.93
2019-04-07,25,3529,12736,37409,0.71%,00:01:23,3.61
2019-04-06,16,2509,8306,37384,0.64%,00:01:15,3.31
2019-04-05,20,2424,7726,37368,0.83%,00:01:13,3.19
2019-04-04,18,5039,21807,37348,0.36%,00:01:23,4.33
2019-04-03,11,5660,28225,37330,0.19%,00:01:28,4.99
2019-04-02,23,5838,30504,37319,0.39%,00:01:39,5.23
2019-04-01,28,5825,30191,37296,0.48%,00:01:41,5.18
2019-03-31,22,4424,18627,37268,0.5%,00:01:34,4.21
2019-03-30,22,3530,13357,37246,0.62%,00:01:26,3.78
2019-03-29,24,5226,24805,37224,0.46%,00:01:29,4.75
2019-03-28,17,5499,26239,37200,0.31%,00:01:23,4.77
2019-03-27,20,5779,29884,37183,0.35%,00:01:27,5.17
2019-03-26,19,5889,31361,37163,0.32%,00:01:35,5.33
2019-03-25,21,6001,32723,37144,0.35%,00:01:38,5.45
2019-03-24,15,4084,15954,37123,0.37%,00:01:25,3.91
2019-03-23,24,3346,12908,37108,0.72%,00:01:30,3.86
2019-03-22,19,5491,25999,37084,0.35%,00:01:33,4.73
2019-03-21,21,5774,28504,37065,0.36%,00:01:29,4.94
2019-03-20,20,6183,33956,37044,0.32%,00:01:37,5.49
2019-03-19,20,6326,36009,37024,0.32%,00:01:38,5.69
2019-03-18,27,6450,37340,37004,0.42%,00:01:48,5.79
2019-03-17,17,4290,17551,36977,0.4%,00:01:27,4.09
2019-03-16,19,3332,12276,36960,0.57%,00:01:30,3.68
2019-03-15,24,5100,22664,36941,0.47%,00:01:25,4.44
2019-03-14,23,6237,35134,36917,0.37%,00:01:39,5.63
2019-03-13,31,6714,41023,36894,0.46%,00:01:44,6.11
2019-03-12,30,6928,45744,36863,0.43%,00:02:00,6.6
2019-03-11,32,7172,50226,36833,0.45%,00:02:17,7.0
2019-03-10,22,4950,22429,36801,0.44%,00:01:54,4.53
2019-03-09,17,4138,17384,36779,0.41%,00:01:48,4.2
2019-03-08,35,5824,28439,36762,0.6%,00:01:50,4.88
2019-03-07,29,6857,45190,36727,0.42%,00:02:00,6.59
2019-03-06,27,7406,59693,36698,0.36%,00:02:26,8.06
2019-03-05,36,7683,67185,36671,0.47%,00:02:52,8.74
2019-03-04,43,7959,72964,36635,0.54%,00:03:15,9.17
2019-03-03,39,5698,26329,36592,0.68%,00:02:09,4.62
2019-03-02,19,4452,19028,36553,0.43%,00:02:04,4.27
2019-03-01,36,6835,47778,36534,0.53%,00:02:44,6.99
2019-02-28,36,8127,90910,36498,0.44%,00:04:14,11.19
2019-02-27,43,8599,118217,36462,0.5%,00:05:41,13.75
2019-02-26,63,8770,135723,36419,0.72%,00:06:30,15.48
2019-02-25,104,9134,170656,36356,1.14%,00:08:48,18.68
2019-02-24,94,8237,78620,36252,1.14%,00:05:44,9.54
2019-02-23,50,5875,33490,36158,0.85%,00:03:46,5.7
2019-02-22,72,6025,35038,36108,1.2%,00:03:40,5.82
2019-02-21,66,4147,16837,36036,1.59%,00:02:09,4.06
2019-02-20,40,3176,11472,35970,1.26%,00:01:58,3.61
2019-02-19,34,2529,8349,35930,1.34%,00:01:42,3.3
2019-02-18,31,2424,7781,35896,1.28%,00:01:41,3.21
2019-02-17,38,2076,6137,35865,1.83%,00:01:25,2.96
2019-02-16,27,1856,5479,35827,1.45%,00:01:35,2.95
2019-02-15,23,1891,5534,35800,1.22%,00:01:31,2.93
2019-02-14,16,1671,4760,35777,0.96%,00:01:30,2.85
2019-02-13,10,1669,4758,35761,0.6%,00:01:26,2.85
2019-02-12,10,1704,4811,35751,0.59%,00:01:19,2.82
2019-02-11,12,1711,4919,35741,0.7%,00:01:37,2.87
2019-02-10,13,1539,4189,35729,0.84%,00:01:17,2.72
2019-02-09,10,1447,3698,35716,0.69%,00:01:10,2.56
2019-02-08,8,1446,3781,35706,0.55%,00:01:16,2.61
2019-02-07,17,1598,4362,35698,1.06%,00:01:12,2.73
2019-02-06,22,1478,3801,35681,1.49%,00:01:13,2.57
2019-02-05,9,1517,3955,35659,0.59%,00:01:10,2.61
2019-02-04,9,1757,4800,35650,0.51%,00:01:04,2.73
2019-02-03,11,2062,6739,35641,0.53%,00:01:21,3.27
2019-02-02,23,2606,8499,35630,0.88%,00:01:16,3.26
2019-02-01,19,3271,12968,35607,0.58%,00:01:29,3.96
2019-01-31,21,3710,16662,35588,0.57%,00:01:44,4.49
2019-01-30,29,4518,22836,35567,0.64%,00:01:53,5.05
2019-01-29,22,5364,32105,35538,0.41%,00:02:09,5.99
2019-01-28,39,6753,53110,35516,0.58%,00:02:46,7.86
2019-01-27,38,6786,55027,35477,0.56%,00:02:50,8.11
2019-01-26,38,7443,71329,35439,0.51%,00:03:28,9.58
2019-01-25,50,8255,101927,35401,0.61%,00:04:31,12.35
2019-01-24,33,8407,109842,35351,0.39%,00:04:41,13.07
2019-01-23,36,8433,107019,35318,0.43%,00:04:31,12.69
2019-01-22,27,8427,107912,35282,0.32%,00:04:28,12.81
2019-01-21,47,8307,106836,35255,0.57%,00:04:19,12.86
2019-01-20,32,7972,85299,35208,0.4%,00:03:18,10.7
2019-01-19,22,8004,79871,35176,0.27%,00:03:08,9.98
2019-01-18,27,7917,68732,35154,0.34%,00:02:50,8.68
2019-01-17,23,7703,54999,35127,0.3%,00:02:23,7.14
2019-01-16,25,7732,57597,35104,0.32%,00:02:36,7.45
2019-01-15,22,7463,40891,35079,0.29%,00:02:15,5.48
2019-01-14,17,7018,37053,35057,0.24%,00:02:13,5.28
2019-01-13,9,5305,21700,35040,0.17%,00:01:49,4.09
2019-01-12,15,4793,19691,35031,0.31%,00:01:54,4.11
2019-01-11,15,5468,24178,35016,0.27%,00:02:06,4.42
2019-01-10,11,6166,30026,35001,0.18%,00:02:16,4.87
2019-01-09,15,6600,36383,34990,0.23%,00:02:50,5.51
2019-01-08,28,7463,56740,34975,0.38%,00:03:49,7.6
2019-01-07,23,6793,36084,34947,0.34%,00:02:28,5.31
2019-01-06,15,5114,22259,34924,0.29%,00:02:34,4.35
2019-01-05,14,4669,19681,34909,0.3%,00:02:37,4.22
2019-01-04,28,6105,36949,34895,0.46%,00:04:34,6.05
2019-01-03,35,8122,102940,34867,0.43%,00:07:26,12.67
2019-01-02,30,6634,36361,34832,0.45%,00:02:45,5.48
2019-01-01,16,4655,16739,34802,0.34%,00:01:30,3.6
2018-12-31,10,3110,9654,34786,0.32%,00:01:18,3.1
2018-12-30,13,3494,12082,34776,0.37%,00:01:33,3.46
2018-12-29,21,4368,18480,34763,0.48%,00:01:58,4.23
2018-12-28,19,5589,28901,34742,0.34%,00:03:15,5.17
2018-12-27,32,6526,42633,34723,0.49%,00:04:07,6.53
2018-12-26,32,7711,79363,34691,0.41%,00:08:03,10.29
2018-12-25,21,6891,57535,34659,0.3%,00:04:17,8.35
2018-12-24,17,5841,28880,34638,0.29%,00:01:57,4.94
2018-12-23,20,3939,15168,34621,0.51%,00:01:34,3.85
2018-12-22,14,3201,12201,34601,0.44%,00:01:25,3.81
2018-12-21,14,4163,16830,34587,0.34%,00:01:29,4.04
2018-12-20,22,5127,22448,34573,0.43%,00:01:36,4.38
2018-12-19,18,5401,25434,34551,0.33%,00:01:43,4.71
2018-12-18,22,5734,27771,34533,0.38%,00:02:04,4.84
2018-12-17,30,6444,38081,34511,0.47%,00:02:50,5.91
2018-12-16,13,4072,16328,34481,0.32%,00:01:27,4.01
2018-12-15,15,3248,12130,34468,0.46%,00:01:25,3.73
2018-12-14,19,4340,17772,34453,0.44%,00:01:25,4.09
2018-12-13,24,5102,23259,34434,0.47%,00:01:31,4.56
2018-12-12,13,5332,24145,34410,0.24%,00:01:25,4.53
2018-12-11,19,5443,25218,34397,0.35%,00:01:31,4.63
2018-12-10,18,5491,26104,34378,0.33%,00:01:33,4.75
2018-12-09,12,3801,15293,34360,0.32%,00:01:28,4.02
2018-12-08,10,2957,10495,34348,0.34%,00:01:18,3.55
2018-12-07,25,4155,16621,34338,0.6%,00:01:26,4.0
2018-12-06,17,5323,25290,34313,0.32%,00:01:33,4.75
2018-12-05,18,5738,28738,34296,0.31%,00:01:34,5.01
2018-12-04,16,5891,29825,34278,0.27%,00:01:36,5.06
2018-12-03,21,6224,32602,34262,0.34%,00:01:48,5.24
2018-12-02,16,4206,17767,34241,0.38%,00:01:28,4.22
2018-12-01,7,3602,14504,34225,0.19%,00:01:29,4.03
2018-11-30,17,5041,23116,34218,0.34%,00:01:34,4.59
2018-11-29,16,6146,32597,34201,0.26%,00:01:39,5.3
2018-11-28,21,6620,38025,34185,0.32%,00:01:42,5.74
2018-11-27,20,6827,39623,34164,0.29%,00:01:50,5.8
2018-11-26,24,7170,45506,34144,0.33%,00:02:08,6.35
2018-11-25,22,5793,28848,34120,0.38%,00:01:51,4.98
2018-11-24,25,5442,28965,34098,0.46%,00:01:58,5.32
2018-11-23,32,6594,42009,34073,0.49%,00:02:06,6.37
2018-11-22,31,7638,56917,34041,0.41%,00:02:28,7.45
2018-11-21,40,8143,67570,34010,0.49%,00:02:52,8.3
2018-11-20,42,8276,71478,33970,0.51%,00:03:08,8.64
2018-11-19,65,8608,78261,33928,0.76%,00:03:35,9.09
2018-11-18,51,6660,36244,33863,0.77%,00:02:30,5.44
2018-11-17,26,5690,27642,33812,0.46%,00:02:17,4.86
2018-11-16,48,6466,37403,33786,0.74%,00:02:24,5.78
2018-11-15,50,6473,35656,33738,0.77%,00:01:59,5.51
2018-11-14,46,6538,34848,33688,0.7%,00:01:59,5.33
2018-11-13,45,6572,29445,33642,0.68%,00:01:41,4.48
2018-11-12,53,7168,38371,33597,0.74%,00:01:57,5.35
2018-11-11,25,4958,18737,33544,0.5%,00:01:36,3.78
2018-11-10,25,4345,17649,33519,0.58%,00:01:38,4.06
2018-11-09,18,5325,23209,33494,0.34%,00:01:36,4.36
2018-11-08,31,6090,31445,33476,0.51%,00:01:41,5.16
2018-11-07,31,6489,33767,33445,0.48%,00:01:47,5.2
2018-11-06,32,6762,36485,33414,0.47%,00:01:55,5.4
2018-11-05,35,7071,41930,33382,0.49%,00:02:12,5.93
2018-11-04,24,4844,19888,33347,0.5%,00:01:43,4.11
2018-11-03,16,4027,16774,33323,0.4%,00:01:32,4.17
2018-11-02,28,5126,22593,33307,0.55%,00:01:38,4.41
2018-11-01,34,6027,31501,33279,0.56%,00:01:48,5.23
2018-10-31,24,6448,35882,33245,0.37%,00:01:55,5.56
2018-10-30,25,6752,39620,33221,0.37%,00:01:52,5.87
2018-10-29,26,6985,42102,33196,0.37%,00:01:57,6.03
2018-10-28,18,4748,22838,33170,0.38%,00:01:46,4.81
2018-10-27,27,3859,16669,33152,0.7%,00:01:36,4.32
2018-10-26,34,3959,16458,33125,0.86%,00:01:32,4.16
2018-10-25,25,6367,36312,33091,0.39%,00:01:42,5.7
2018-10-24,23,6881,42503,33066,0.33%,00:01:55,6.18
2018-10-23,23,7057,44807,33043,0.33%,00:01:57,6.35
2018-10-22,41,7349,50479,33020,0.56%,00:02:13,6.87
2018-10-21,24,5485,28132,32979,0.44%,00:02:04,5.13
2018-10-20,15,4269,18416,32955,0.35%,00:01:41,4.31
2018-10-19,17,5490,27193,32940,0.31%,00:01:47,4.95
2018-10-18,29,6707,41620,32923,0.43%,00:01:55,6.21
2018-10-17,23,7205,49371,32894,0.32%,00:02:09,6.85
2018-10-16,40,7435,51518,32871,0.54%,00:02:05,6.93
2018-10-15,33,7821,62200,32831,0.42%,00:02:33,7.95
2018-10-14,36,5232,24044,32798,0.69%,00:01:51,4.6
2018-10-13,20,4241,19353,32762,0.47%,00:01:46,4.56
2018-10-12,30,5831,30573,32742,0.51%,00:01:47,5.24
2018-10-11,39,7190,50806,32712,0.54%,00:02:18,7.07
2018-10-10,29,7803,64497,32673,0.37%,00:02:27,8.27
2018-10-09,45,8256,71971,32644,0.55%,00:02:45,8.72
2018-10-08,57,8599,89459,32599,0.66%,00:03:24,10.4
2018-10-07,55,6223,27889,32542,0.88%,00:02:03,4.48
2018-10-06,35,3895,14739,32487,0.9%,00:01:32,3.78
2018-10-05,36,2890,9745,32452,1.25%,00:01:29,3.37
2018-10-04,25,2805,9722,32416,0.89%,00:01:26,3.47
2018-10-03,24,2453,7675,32391,0.98%,00:01:20,3.13
2018-10-02,21,2484,8161,32367,0.85%,00:01:21,3.29
2018-10-01,35,2924,10116,32346,1.2%,00:01:28,3.46
2018-09-30,38,5396,24700,32311,0.7%,00:01:35,4.58
2018-09-29,29,6913,46842,32273,0.42%,00:02:09,6.78
2018-09-28,37,6986,42620,32244,0.53%,00:02:03,6.1
2018-09-27,32,8056,73363,32207,0.4%,00:02:54,9.11
2018-09-26,52,8542,90904,32175,0.61%,00:03:24,10.64
2018-09-25,72,8921,100051,32123,0.81%,00:03:53,11.22
2018-09-24,66,7067,36564,32051,0.93%,00:02:15,5.17
2018-09-23,34,5110,22376,31985,0.67%,00:01:53,4.38
2018-09-22,51,5665,29191,31951,0.9%,00:02:03,5.15
2018-09-21,60,8077,64438,31900,0.74%,00:03:00,7.98
2018-09-20,75,9021,122651,31840,0.83%,00:04:54,13.6
2018-09-19,117,9233,144798,31765,1.27%,00:05:56,15.68
2018-09-18,154,9724,172109,31648,1.58%,00:07:12,17.7
2018-09-17,324,9975,208813,31494,3.25%,00:09:52,20.93
2018-09-16,432,8821,96914,31170,4.9%,00:06:38,10.99
2018-09-15,121,6069,36401,30738,1.99%,00:03:45,6.0
2018-09-14,164,6511,46884,30617,2.52%,00:05:04,7.2
2018-09-13,173,4999,28693,30453,3.46%,00:03:11,5.74
2018-09-12,95,3993,18390,30280,2.38%,00:02:27,4.61
2018-09-11,84,3514,16027,30185,2.39%,00:02:28,4.56
2018-09-10,61,3855,17422,30101,1.58%,00:02:32,4.52
2018-09-09,40,2261,7281,30040,1.77%,00:01:36,3.22
2018-09-08,28,2055,7150,30000,1.36%,00:01:32,3.48
2018-09-07,51,2284,7760,29972,2.23%,00:01:31,3.4
2018-09-06,37,2190,7581,29921,1.69%,00:01:39,3.46
2018-09-05,31,2117,7001,29884,1.46%,00:01:36,3.31
2018-09-04,33,2041,7000,29853,1.62%,00:01:31,3.43
2018-09-03,29,2127,7440,29820,1.36%,00:01:37,3.5
2018-09-02,29,1815,5974,29791,1.6%,00:01:35,3.29
2018-09-01,34,1762,5766,29762,1.93%,00:01:32,3.27
2018-08-31,35,1813,5981,29728,1.93%,00:01:39,3.3
2018-08-30,47,1798,6182,29693,2.61%,00:01:45,3.44
2018-08-29,74,2070,8639,29646,3.57%,00:02:10,4.17
2018-08-28,20,1645,5224,29572,1.22%,00:01:44,3.18
2018-08-27,80,2160,9778,29552,3.7%,00:02:41,4.53
2018-08-26,93,1831,9546,29472,5.08%,00:03:17,5.21
2018-08-25,212,2066,10572,29379,10.26%,00:03:06,5.12
2018-08-24,140,1692,6100,29167,8.27%,00:01:45,3.61
2018-08-23,136,1650,5936,29027,8.24%,00:01:44,3.6
2018-08-22,111,1752,5568,28891,6.34%,00:01:34,3.18
2018-08-21,189,1620,5340,28780,11.67%,00:01:25,3.3
2018-08-20,87,1420,4297,28591,6.13%,00:01:28,3.03
2018-08-19,45,1116,3179,28504,4.03%,00:01:28,2.85
2018-08-18,26,1091,3112,28459,2.38%,00:01:25,2.85
2018-08-17,19,1048,3002,28433,1.81%,00:01:14,2.86
2018-08-16,19,1122,3352,28414,1.69%,00:01:21,2.99
2018-08-15,36,1161,3429,28395,3.1%,00:01:25,2.95
2018-08-14,23,1052,3189,28359,2.19%,00:01:24,3.03
2018-08-13,20,1123,3203,28336,1.78%,00:01:09,2.85
2018-08-12,22,1060,2977,28316,2.08%,00:01:13,2.81
2018-08-11,10,1032,2776,28294,0.97%,00:01:14,2.69
2018-08-10,17,1156,3186,28284,1.47%,00:01:14,2.76
2018-08-09,18,1188,3404,28267,1.52%,00:01:20,2.87
2018-08-08,13,1248,3555,28249,1.04%,00:01:19,2.85
2018-08-07,11,1178,3320,28236,0.93%,00:01:19,2.82
2018-08-06,27,1164,3361,28225,2.32%,00:01:26,2.89
2018-08-05,24,1169,3373,28198,2.05%,00:01:16,2.89
2018-08-04,16,1207,3316,28174,1.33%,00:01:13,2.75
2018-08-03,20,1261,3776,28158,1.59%,00:01:14,2.99
2018-08-02,31,1291,3846,28138,2.4%,00:01:10,2.98
2018-08-01,29,1336,3799,28107,2.17%,00:01:12,2.84
2018-07-31,26,1397,4040,28078,1.86%,00:01:17,2.89
2018-07-30,17,1439,4035,28052,1.18%,00:01:12,2.8
2018-07-29,30,1344,3894,28035,2.23%,00:01:11,2.9
2018-07-28,18,1425,4146,28005,1.26%,00:01:09,2.91
2018-07-27,32,1490,4359,27987,2.15%,00:01:15,2.93
2018-07-26,25,1569,4731,27955,1.59%,00:01:13,3.02
2018-07-25,34,1730,5189,27930,1.97%,00:01:16,3.0
2018-07-24,33,1717,5141,27896,1.92%,00:01:17,2.99
2018-07-23,23,1978,6142,27863,1.16%,00:01:19,3.11
2018-07-22,20,1851,5664,27840,1.08%,00:01:14,3.06
2018-07-21,15,1986,6248,27820,0.76%,00:01:11,3.15
2018-07-20,17,2511,8856,27805,0.68%,00:01:24,3.53
2018-07-19,23,2796,10236,27788,0.82%,00:01:28,3.66
2018-07-18,19,3287,13285,27765,0.58%,00:01:36,4.04
2018-07-17,16,4179,21760,27746,0.38%,00:01:59,5.21
2018-07-16,32,4779,26009,27730,0.67%,00:02:01,5.44
2018-07-15,25,5118,29087,27698,0.49%,00:02:08,5.68
2018-07-14,33,5942,40502,27673,0.56%,00:02:33,6.82
2018-07-13,33,6691,57293,27640,0.49%,00:03:10,8.56
2018-07-12,33,7267,75475,27607,0.45%,00:03:50,10.39
2018-07-11,33,7681,93386,27574,0.43%,00:04:20,12.16
2018-07-10,35,7866,101503,27541,0.44%,00:04:35,12.9
2018-07-09,27,7990,101727,27506,0.34%,00:04:22,12.73
2018-07-08,28,7470,72611,27479,0.37%,00:03:08,9.72
2018-07-07,31,7493,76816,27451,0.41%,00:03:19,10.25
2018-07-06,28,7540,82071,27420,0.37%,00:03:39,10.88
2018-07-05,29,7524,74512,27392,0.39%,00:03:22,9.9
2018-07-04,24,7574,70759,27363,0.32%,00:03:18,9.34
2018-07-03,16,7402,57388,27339,0.22%,00:03:04,7.75
2018-07-02,17,7371,50331,27323,0.23%,00:02:32,6.83
2018-07-01,11,6682,37714,27306,0.16%,00:02:15,5.64
2018-06-30,11,5543,25128,27295,0.2%,00:01:50,4.53
2018-06-29,17,5611,25154,27284,0.3%,00:01:52,4.48
2018-06-28,11,5945,29150,27267,0.19%,00:02:03,4.9
2018-06-27,16,6049,30475,27256,0.26%,00:02:16,5.04
2018-06-26,24,6142,31198,27240,0.39%,00:02:32,5.08
2018-06-25,18,6797,45894,27216,0.26%,00:03:24,6.75
2018-06-24,17,4433,16885,27198,0.38%,00:01:47,3.81
2018-06-23,18,3984,15607,27181,0.45%,00:01:49,3.92
2018-06-22,21,4604,20015,27163,0.46%,00:02:09,4.35
2018-06-21,22,5458,25704,27142,0.4%,00:02:24,4.71
2018-06-20,18,5624,27017,27120,0.32%,00:02:37,4.8
2018-06-19,27,6178,37085,27102,0.44%,00:04:19,6.0
2018-06-18,26,3895,14205,27075,0.67%,00:02:01,3.65
2018-06-17,13,3209,10826,27049,0.41%,00:01:49,3.37
2018-06-16,15,3510,12078,27036,0.43%,00:02:08,3.44
2018-06-15,25,6612,51211,27021,0.38%,00:04:39,7.75
2018-06-14,19,5571,28618,26996,0.34%,00:02:54,5.14
2018-06-13,24,6036,34387,26977,0.4%,00:03:33,5.7
2018-06-12,34,7045,62874,26953,0.48%,00:06:59,8.92
2018-06-11,26,5961,35044,26919,0.44%,00:02:56,5.88
2018-06-10,15,3672,14803,26893,0.41%,00:01:47,4.03
2018-06-09,15,3265,12454,26878,0.46%,00:01:35,3.81
2018-06-08,26,4350,18132,26863,0.6%,00:01:43,4.17
2018-06-07,15,4509,18331,26837,0.33%,00:01:23,4.07
2018-06-06,24,4955,21364,26822,0.48%,00:01:27,4.31
2018-06-05,26,4970,21831,26798,0.52%,00:01:28,4.39
2018-06-04,17,5137,24100,26772,0.33%,00:01:39,4.69
2018-06-03,18,3711,14522,26755,0.49%,00:01:32,3.91
2018-06-02,13,2824,10348,26737,0.46%,00:01:32,3.66
2018-06-01,12,3658,13843,26724,0.33%,00:01:37,3.78
2018-05-31,18,5668,32709,26712,0.32%,00:03:02,5.77
2018-05-30,10,4802,22203,26694,0.21%,00:01:27,4.62
2018-05-29,17,4764,21777,26684,0.36%,00:01:26,4.57
2018-05-28,18,4981,23455,26667,0.36%,00:01:34,4.71
2018-05-27,10,3486,13134,26649,0.29%,00:01:18,3.77
2018-05-26,13,2774,10296,26639,0.47%,00:01:19,3.71
2018-05-25,18,3885,16437,26626,0.46%,00:01:29,4.23
2018-05-24,15,4816,21314,26608,0.31%,00:01:25,4.43
2018-05-23,14,5144,23741,26593,0.27%,00:01:27,4.62
2018-05-22,15,5499,26016,26579,0.27%,00:01:32,4.73
2018-05-21,17,5507,26692,26564,0.31%,00:01:38,4.85
2018-05-20,14,3756,13943,26547,0.37%,00:01:14,3.71
2018-05-19,15,3117,11534,26533,0.48%,00:01:20,3.7
2018-05-18,21,4369,17845,26518,0.48%,00:01:28,4.08
2018-05-17,16,5453,26191,26497,0.29%,00:01:31,4.8
2018-05-16,12,5958,31286,26481,0.2%,00:01:42,5.25
2018-05-15,25,6341,35092,26469,0.39%,00:01:47,5.53
2018-05-14,14,6520,38518,26444,0.21%,00:01:54,5.91
2018-05-13,18,5330,24914,26430,0.34%,00:01:41,4.67
2018-05-12,13,5188,26461,26412,0.25%,00:01:49,5.1
2018-05-11,10,5875,32097,26399,0.17%,00:01:51,5.46
2018-05-10,13,6964,46838,26389,0.19%,00:02:14,6.73
2018-05-09,26,7556,59606,26376,0.34%,00:02:46,7.89
2018-05-08,24,7661,62470,26350,0.31%,00:02:58,8.15
2018-05-07,34,7785,71461,26326,0.44%,00:03:30,9.18
2018-05-06,31,6599,39633,26292,0.47%,00:02:38,6.01
2018-05-05,15,5752,30524,26261,0.26%,00:02:20,5.31
2018-05-04,27,5914,33393,26246,0.46%,00:02:27,5.65
2018-05-03,26,5862,30357,26219,0.44%,00:01:54,5.18
2018-05-02,27,5746,27603,26193,0.47%,00:01:55,4.8
2018-05-01,22,4451,15558,26166,0.49%,00:01:20,3.5
2018-04-30,14,3487,11578,26144,0.4%,00:01:23,3.32
2018-04-29,9,3393,11080,26130,0.27%,00:01:17,3.27
2018-04-28,21,3790,13065,26121,0.55%,00:01:27,3.45
2018-04-27,20,4967,19413,26100,0.4%,00:01:33,3.91
2018-04-26,15,5548,25002,26080,0.27%,00:01:41,4.51
2018-04-25,13,5566,26297,26065,0.23%,00:01:45,4.72
2018-04-24,15,5663,26436,26052,0.26%,00:01:39,4.67
2018-04-23,19,5648,27281,26037,0.34%,00:01:50,4.83
2018-04-22,14,4041,16013,26018,0.35%,00:01:38,3.96
2018-04-21,9,3278,12173,26004,0.27%,00:01:31,3.71
2018-04-20,19,4115,16088,25995,0.46%,00:01:28,3.91
2018-04-19,28,5189,23271,25976,0.54%,00:01:39,4.48
2018-04-18,13,5342,25020,25948,0.24%,00:01:42,4.68
2018-04-17,15,5529,26512,25935,0.27%,00:01:35,4.8
2018-04-16,19,5553,26884,25920,0.34%,00:01:38,4.84
2018-04-15,13,3806,14902,25901,0.34%,00:01:24,3.92
2018-04-14,9,3446,13289,25888,0.26%,00:01:34,3.86
2018-04-13,23,4261,17151,25879,0.54%,00:01:25,4.03
2018-04-12,18,5534,25669,25856,0.33%,00:01:26,4.64
2018-04-11,13,5564,27159,25838,0.23%,00:01:28,4.88
2018-04-10,23,5584,27238,25825,0.41%,00:01:32,4.88
2018-04-09,33,5613,27935,25802,0.59%,00:01:38,4.98
2018-04-08,18,4577,19023,25769,0.39%,00:01:32,4.16
2018-04-07,20,3169,10621,25751,0.63%,00:01:18,3.35
2018-04-06,20,2345,7626,25731,0.85%,00:01:17,3.25
2018-04-05,20,2269,7103,25711,0.88%,00:01:08,3.13
2018-04-04,13,5346,25214,25691,0.24%,00:01:19,4.72
2018-04-03,18,5924,32051,25678,0.3%,00:01:35,5.41
2018-04-02,30,6061,35665,25660,0.49%,00:01:47,5.88
2018-04-01,22,4058,16231,25630,0.54%,00:01:29,4.0
2018-03-31,9,3016,11071,25608,0.3%,00:01:22,3.67
2018-03-30,11,4508,19042,25599,0.24%,00:01:26,4.22
2018-03-29,16,5763,29182,25588,0.28%,00:01:32,5.06
2018-03-28,17,6218,34049,25572,0.27%,00:01:37,5.48
2018-03-27,24,6509,37150,25555,0.37%,00:01:46,5.71
2018-03-26,14,6552,37684,25531,0.21%,00:01:53,5.75
2018-03-25,22,4361,18242,25517,0.5%,00:01:39,4.18
2018-03-24,12,3312,12026,25495,0.36%,00:01:27,3.63
2018-03-23,17,4945,20552,25483,0.34%,00:01:25,4.16
2018-03-22,15,6345,34632,25466,0.24%,00:01:39,5.46
2018-03-21,29,6779,42285,25451,0.43%,00:01:54,6.24
2018-03-20,23,7107,46688,25422,0.32%,00:02:03,6.57
2018-03-19,18,7097,49342,25399,0.25%,00:02:25,6.95
2018-03-18,20,4692,18870,25381,0.43%,00:01:56,4.02
2018-03-17,21,3841,15057,25361,0.55%,00:01:46,3.92
2018-03-16,20,5828,27941,25340,0.34%,00:01:50,4.79
2018-03-15,16,7139,48048,25320,0.22%,00:02:08,6.73
2018-03-14,19,7694,60386,25304,0.25%,00:02:30,7.85
2018-03-13,20,7876,67746,25285,0.25%,00:02:45,8.6
2018-03-12,39,7929,71633,25265,0.49%,00:03:11,9.03
2018-03-11,31,5890,26180,25226,0.53%,00:02:11,4.44
2018-03-10,32,4808,21251,25195,0.67%,00:01:52,4.42
2018-03-09,32,7119,43691,25163,0.45%,00:02:25,6.14
2018-03-08,25,8303,88021,25131,0.3%,00:03:58,10.6
2018-03-07,47,8722,116814,25106,0.54%,00:05:26,13.39
2018-03-06,63,8859,137760,25059,0.71%,00:06:30,15.55
2018-03-05,122,9063,161995,24996,1.35%,00:08:24,17.87
2018-03-04,130,8073,73278,24874,1.61%,00:05:57,9.08
2018-03-03,104,6510,42103,24744,1.6%,00:04:45,6.47
2018-03-02,57,3989,15745,24640,1.43%,00:02:24,3.95
2018-03-01,62,3157,10622,24583,1.96%,00:01:57,3.36
2018-02-28,46,2509,7856,24521,1.83%,00:01:51,3.13
2018-02-27,41,2499,7306,24475,1.64%,00:01:39,2.92
2018-02-26,35,2222,6267,24434,1.58%,00:01:38,2.82
2018-02-25,44,1855,5187,24399,2.37%,00:01:46,2.8
2018-02-24,19,1654,4507,24355,1.15%,00:01:38,2.72
2018-02-23,21,1558,4144,24336,1.35%,00:01:25,2.66
2018-02-22,25,1523,3970,24315,1.64%,00:01:34,2.61
2018-02-21,14,1382,3367,24290,1.01%,00:01:29,2.44
2018-02-20,16,1258,3077,24276,1.27%,00:01:24,2.45
2018-02-19,20,1181,2860,24260,1.69%,00:01:23,2.42
2018-02-18,16,1024,2274,24240,1.56%,00:01:08,2.22
2018-02-17,16,958,2137,24224,1.67%,00:01:02,2.23
2018-02-16,17,958,2198,24208,1.77%,00:01:00,2.29
2018-02-15,9,964,2179,24191,0.93%,00:00:59,2.26
2018-02-14,16,1066,2489,24182,1.5%,00:01:13,2.33
2018-02-13,17,1241,3080,24166,1.37%,00:01:12,2.48
2018-02-12,18,1268,2979,24149,1.42%,00:01:12,2.35
2018-02-11,23,1356,3191,24131,1.7%,00:01:10,2.35
2018-02-10,18,1522,4193,24108,1.18%,00:01:13,2.75
2018-02-09,9,1611,4302,24090,0.56%,00:01:19,2.67
2018-02-08,23,1768,4579,24081,1.3%,00:01:09,2.59
2018-02-07,26,2012,5580,24058,1.29%,00:01:18,2.77
2018-02-06,20,2422,7381,24032,0.83%,00:01:15,3.05
2018-02-05,24,2784,9466,24012,0.86%,00:01:25,3.4
2018-02-04,23,3172,10944,23988,0.73%,00:01:21,3.45
2018-02-03,28,3570,14314,23965,0.78%,00:01:34,4.01
2018-02-02,24,4348,19237,23937,0.55%,00:01:43,4.42
2018-02-01,26,5456,32618,23913,0.48%,00:02:11,5.98
2018-01-31,37,6520,44204,23887,0.57%,00:02:34,6.78
2018-01-30,40,7075,54693,23850,0.57%,00:02:52,7.73
2018-01-29,54,7904,72022,23810,0.68%,00:03:28,9.11
2018-01-28,65,7859,73943,23756,0.83%,00:03:31,9.41
2018-01-27,45,8332,94770,23691,0.54%,00:04:25,11.37
2018-01-26,50,8604,113160,23646,0.58%,00:05:06,13.15
2018-01-25,45,8594,107886,23596,0.52%,00:04:57,12.55
2018-01-24,38,8670,105651,23551,0.44%,00:04:12,12.19
2018-01-23,33,8340,98362,23513,0.4%,00:04:04,11.79
2018-01-22,19,8460,91386,23480,0.22%,00:03:44,10.8
2018-01-21,21,7931,69999,23461,0.26%,00:03:14,8.83
2018-01-20,30,7926,68307,23440,0.38%,00:03:12,8.62
2018-01-19,33,7703,54670,23410,0.43%,00:02:39,7.1
2018-01-18,27,7702,53882,23377,0.35%,00:02:42,7.0
2018-01-17,25,7254,39224,23350,0.34%,00:02:27,5.41
2018-01-16,18,5992,24905,23325,0.3%,00:01:55,4.16
2018-01-15,18,6677,32706,23307,0.27%,00:02:11,4.9
2018-01-14,21,5395,21002,23289,0.39%,00:01:53,3.89
2018-01-13,13,4707,17152,23268,0.28%,00:01:53,3.64
2018-01-12,14,5592,26006,23255,0.25%,00:02:18,4.65
2018-01-11,21,6182,31749,23241,0.34%,00:02:34,5.14
2018-01-10,21,6339,32332,23220,0.33%,00:02:35,5.1
2018-01-09,25,6561,36334,23199,0.38%,00:02:57,5.54
2018-01-08,25,6905,44777,23174,0.36%,00:03:28,6.48
2018-01-07,18,4476,16257,23149,0.4%,00:01:56,3.63
2018-01-06,14,3940,13805,23131,0.36%,00:01:51,3.5
2018-01-05,17,4730,18739,23117,0.36%,00:02:07,3.96
2018-01-04,13,5245,22793,23100,0.25%,00:02:22,4.35
2018-01-03,28,6261,33817,23087,0.45%,00:03:33,5.4
2018-01-02,33,7006,49206,23059,0.47%,00:05:20,7.02
2018-01-01,18,4149,13496,23026,0.43%,00:01:36,3.25
2017-12-31,23,2660,7947,23008,0.86%,00:01:23,2.99
2017-12-30,16,3368,11942,22985,0.48%,00:01:58,3.55
2017-12-29,19,4636,19488,22969,0.41%,00:02:27,4.2
2017-12-28,23,6544,44945,22950,0.35%,00:05:08,6.87
2017-12-27,37,7485,74634,22927,0.49%,00:05:22,9.97
2017-12-26,14,5881,29225,22890,0.24%,00:02:21,4.97
2017-12-25,33,6348,35608,22876,0.52%,00:03:21,5.61
2017-12-24,28,4157,17473,22843,0.67%,00:02:58,4.2
2017-12-23,28,4083,19190,22815,0.69%,00:03:29,4.7
2017-12-22,34,6498,58245,22787,0.52%,00:07:19,8.96
2017-12-21,34,6145,45737,22753,0.55%,00:04:16,7.44
2017-12-20,22,6092,41288,22719,0.36%,00:03:29,6.78
2017-12-19,18,5438,25032,22697,0.33%,00:01:50,4.6
2017-12-18,26,5195,22999,22679,0.5%,00:01:36,4.43
2017-12-17,18,3775,13763,22653,0.48%,00:01:26,3.65
2017-12-16,18,2955,9954,22635,0.61%,00:01:24,3.37
2017-12-15,21,4102,15787,22617,0.51%,00:01:26,3.85
2017-12-14,23,4891,20518,22596,0.47%,00:01:37,4.2
2017-12-13,33,5572,26912,22573,0.59%,00:02:07,4.83
2017-12-12,25,5557,26887,22540,0.45%,00:01:59,4.84
2017-12-11,28,5444,25221,22515,0.51%,00:01:33,4.63
2017-12-10,23,3981,14874,22487,0.58%,00:01:25,3.74
2017-12-09,13,3076,10832,22464,0.42%,00:01:26,3.52
2017-12-08,11,4159,15994,22451,0.26%,00:01:20,3.85
2017-12-07,18,5193,22446,22440,0.35%,00:01:23,4.32
2017-12-06,16,5659,26574,22422,0.28%,00:01:37,4.7
2017-12-05,18,5786,27445,22406,0.31%,00:01:38,4.74
2017-12-04,28,6357,32632,22388,0.44%,00:01:47,5.13
2017-12-03,21,4464,17379,22360,0.47%,00:01:34,3.89
2017-12-02,32,3694,13249,22339,0.87%,00:01:32,3.59
2017-12-01,30,5108,21427,22307,0.59%,00:01:39,4.19
2017-11-30,11,6125,30481,22277,0.18%,00:01:41,4.98
2017-11-29,25,6672,36888,22266,0.37%,00:01:54,5.53
2017-11-28,28,7020,41241,22241,0.4%,00:02:08,5.87
2017-11-27,39,7801,55314,22213,0.5%,00:02:42,7.09
2017-11-26,41,6477,33060,22174,0.63%,00:02:09,5.1
2017-11-25,28,6076,32561,22133,0.46%,00:02:04,5.36
2017-11-24,32,5869,28778,22105,0.55%,00:01:56,4.9
2017-11-23,36,7354,48792,22073,0.49%,00:02:27,6.63
2017-11-22,40,8218,67616,22037,0.49%,00:03:16,8.23
2017-11-21,62,8333,67056,21997,0.74%,00:03:34,8.05
2017-11-20,58,7619,46970,21935,0.76%,00:03:24,6.16
2017-11-19,48,7183,43188,21877,0.67%,00:02:52,6.01
2017-11-18,36,6398,31421,21829,0.56%,00:02:10,4.91
2017-11-17,30,6905,40406,21793,0.43%,00:02:38,5.85
2017-11-16,42,6343,29356,21763,0.66%,00:01:58,4.63
2017-11-15,49,5796,22227,21721,0.85%,00:01:36,3.83
2017-11-14,38,5668,22411,21672,0.67%,00:01:39,3.95
2017-11-13,52,6361,29532,21634,0.82%,00:01:51,4.64
2017-11-12,46,4893,17578,21582,0.94%,00:01:41,3.59
2017-11-11,29,3893,13695,21536,0.74%,00:01:31,3.52
2017-11-10,18,4750,18545,21507,0.38%,00:01:35,3.9
2017-11-09,39,5825,28043,21489,0.67%,00:01:49,4.81
2017-11-08,38,6262,32353,21450,0.61%,00:02:02,5.17
2017-11-07,41,6204,32231,21412,0.66%,00:02:04,5.2
2017-11-06,41,6579,36257,21371,0.62%,00:02:20,5.51
2017-11-05,54,4447,17702,21330,1.21%,00:01:51,3.98
2017-11-04,22,3809,14805,21276,0.58%,00:01:47,3.89
2017-11-03,45,4802,20377,21254,0.94%,00:01:53,4.24
2017-11-02,32,5948,30183,21209,0.54%,00:01:59,5.07
2017-11-01,39,6163,34208,21177,0.63%,00:02:00,5.55
2017-10-31,32,6082,32045,21138,0.53%,00:01:54,5.27
2017-10-30,41,6208,33189,21106,0.66%,00:02:02,5.35
2017-10-29,23,4159,17686,21065,0.55%,00:01:50,4.25
2017-10-28,32,3419,13016,21042,0.94%,00:01:41,3.81
2017-10-27,29,4623,19634,21010,0.63%,00:01:35,4.25
2017-10-26,25,5845,30955,20981,0.43%,00:01:52,5.3
2017-10-25,23,6165,35159,20956,0.37%,00:01:57,5.7
2017-10-24,24,6442,38412,20933,0.37%,00:02:05,5.96
2017-10-23,41,6503,39469,20909,0.63%,00:02:10,6.07
2017-10-22,30,4721,22373,20868,0.64%,00:02:05,4.74
2017-10-21,31,3673,13971,20838,0.84%,00:01:44,3.8
2017-10-20,29,4889,21544,20807,0.59%,00:01:45,4.41
2017-10-19,28,6375,35369,20778,0.44%,00:01:59,5.55
2017-10-18,33,6732,43792,20750,0.49%,00:02:18,6.51
2017-10-17,43,6961,46523,20717,0.62%,00:02:19,6.68
2017-10-16,37,6885,44813,20674,0.54%,00:02:22,6.51
2017-10-15,36,4871,23609,20637,0.74%,00:02:06,4.85
2017-10-14,18,3823,15100,20601,0.47%,00:01:47,3.95
2017-10-13,29,5500,26831,20583,0.53%,00:01:50,4.88
2017-10-12,33,6951,46496,20554,0.47%,00:02:15,6.69
2017-10-11,47,7480,57631,20521,0.63%,00:02:37,7.7
2017-10-10,63,7711,61047,20474,0.82%,00:02:45,7.92
2017-10-09,75,7864,65024,20411,0.95%,00:03:04,8.27
2017-10-08,55,5283,20719,20336,1.04%,00:01:59,3.92
2017-10-07,38,3488,11189,20281,1.09%,00:01:32,3.21
2017-10-06,33,2624,7411,20243,1.26%,00:01:28,2.82
2017-10-05,27,2253,6403,20210,1.2%,00:01:23,2.84
2017-10-04,18,1921,5053,20183,0.94%,00:01:15,2.63
2017-10-03,23,2040,5500,20165,1.13%,00:01:25,2.7
2017-10-02,32,2183,6243,20142,1.47%,00:01:15,2.86
2017-10-01,34,2593,7487,20110,1.31%,00:01:21,2.89
2017-09-30,42,4514,18755,20076,0.93%,00:01:47,4.15
2017-09-29,40,6012,30802,20034,0.67%,00:01:56,5.12
2017-09-28,51,7462,57355,19994,0.68%,00:02:36,7.69
2017-09-27,56,7876,72703,19943,0.71%,00:03:10,9.23
2017-09-26,59,8251,81665,19887,0.72%,00:03:33,9.9
2017-09-25,82,8274,85048,19828,0.99%,00:03:58,10.28
2017-09-24,58,6373,30707,19746,0.91%,00:02:28,4.82
2017-09-23,47,5423,25384,19688,0.87%,00:02:16,4.68
2017-09-22,66,7429,53852,19641,0.89%,00:03:00,7.25
2017-09-21,89,8581,106385,19575,1.04%,00:04:52,12.4
2017-09-20,122,8823,127017,19486,1.38%,00:05:59,14.4
2017-09-19,155,9131,153226,19364,1.7%,00:07:27,16.78
2017-09-18,394,9289,179359,19209,4.24%,00:09:28,19.31
2017-09-17,561,8177,80820,18815,6.86%,00:06:34,9.88
2017-09-16,189,5307,29843,18254,3.56%,00:03:50,5.62
2017-09-15,216,5734,39991,18065,3.77%,00:05:11,6.97
2017-09-14,247,4372,23768,17849,5.65%,00:03:24,5.44
2017-09-13,82,3201,12062,17602,2.56%,00:02:18,3.77
2017-09-12,50,2730,9583,17520,1.83%,00:02:03,3.51
2017-09-11,53,2437,8484,17470,2.17%,00:02:03,3.48
2017-09-10,37,1934,6246,17417,1.91%,00:01:51,3.23
2017-09-09,36,1682,5212,17380,2.14%,00:01:53,3.1
2017-09-08,35,1798,5765,17344,1.95%,00:01:46,3.21
2017-09-07,34,1720,5521,17309,1.98%,00:01:52,3.21
2017-09-06,37,1747,5365,17275,2.12%,00:01:49,3.07
2017-09-05,48,1866,6943,17238,2.57%,00:02:18,3.72
2017-09-04,82,2120,8324,17190,3.87%,00:02:09,3.93
2017-09-03,33,1410,4064,17108,2.34%,00:01:38,2.88
2017-09-02,23,1411,3996,17075,1.63%,00:01:30,2.83
2017-09-01,20,1477,4154,17052,1.35%,00:01:28,2.81
2017-08-31,26,1342,3974,17032,1.94%,00:01:37,2.96
2017-08-30,93,1685,6670,17006,5.52%,00:02:46,3.96
2017-08-29,158,1751,8588,16913,9.02%,00:03:30,4.9
2017-08-28,253,1831,8624,16755,13.82%,00:03:04,4.71
2017-08-27,130,1303,3932,16502,9.98%,00:01:40,3.02
2017-08-26,70,1059,3170,16372,6.61%,00:01:36,2.99
2017-08-25,34,1067,3056,16302,3.19%,00:01:31,2.86
2017-08-24,30,1186,3266,16268,2.53%,00:01:28,2.75
2017-08-23,19,1025,2677,16238,1.85%,00:01:26,2.61
2017-08-22,27,1165,3071,16219,2.32%,00:01:28,2.64
2017-08-21,26,984,2750,16192,2.64%,00:01:38,2.79
2017-08-20,22,864,2061,16166,2.55%,00:01:16,2.39
2017-08-19,18,826,2108,16144,2.18%,00:01:11,2.55
2017-08-18,19,847,2054,16126,2.24%,00:01:11,2.43
2017-08-17,17,880,2117,16107,1.93%,00:01:15,2.41
2017-08-16,14,888,2145,16090,1.58%,00:01:10,2.42
2017-08-15,14,890,2277,16076,1.57%,00:01:16,2.56
2017-08-14,15,890,2150,16062,1.69%,00:01:10,2.42
2017-08-13,15,830,2002,16047,1.81%,00:01:13,2.41
2017-08-12,14,825,1909,16032,1.7%,00:01:14,2.31
2017-08-11,7,896,2204,16018,0.78%,00:01:16,2.46
2017-08-10,14,900,2311,16011,1.56%,00:01:14,2.57
2017-08-09,13,889,2166,15997,1.46%,00:01:14,2.44
2017-08-08,14,940,2364,15984,1.49%,00:01:11,2.51
2017-08-07,11,943,2329,15970,1.17%,00:01:21,2.47
2017-08-06,11,972,2326,15959,1.13%,00:01:04,2.39
2017-08-05,11,923,2158,15948,1.19%,00:00:53,2.34
2017-08-04,11,921,2068,15937,1.19%,00:00:54,2.25
2017-08-03,12,1007,2509,15926,1.19%,00:01:04,2.49
2017-08-02,17,1005,2376,15914,1.69%,00:01:11,2.36
2017-08-01,13,1001,2497,15897,1.3%,00:01:09,2.49
2017-07-31,9,1050,2631,15884,0.86%,00:01:06,2.51
2017-07-30,11,1071,2766,15875,1.03%,00:01:07,2.58
2017-07-29,10,958,2440,15864,1.04%,00:01:09,2.55
2017-07-28,13,1153,2989,15854,1.13%,00:01:01,2.59
2017-07-27,13,1230,3225,15841,1.06%,00:01:07,2.62
2017-07-26,14,1182,3141,15828,1.18%,00:01:05,2.66
2017-07-25,14,1480,4181,15814,0.95%,00:01:10,2.83
2017-07-24,12,1415,4089,15800,0.85%,00:01:10,2.89
2017-07-23,12,1390,3763,15788,0.86%,00:01:02,2.71
2017-07-22,13,1484,4028,15776,0.88%,00:01:01,2.71
2017-07-21,19,1613,4423,15763,1.18%,00:01:00,2.74
2017-07-20,23,2010,5548,15744,1.14%,00:01:12,2.76
2017-07-19,11,2465,9656,15721,0.45%,00:01:27,3.92
2017-07-18,17,1524,4792,15710,1.12%,00:01:09,3.14
2017-07-17,13,1634,5116,15693,0.8%,00:01:09,3.13
2017-07-16,11,1625,4792,15680,0.68%,00:01:04,2.95
2017-07-15,16,1674,4987,15669,0.96%,00:01:05,2.98
2017-07-14,11,1743,5355,15653,0.63%,00:01:10,3.07
2017-07-13,8,1941,6176,15642,0.41%,00:01:19,3.18
2017-07-12,14,2204,7199,15634,0.64%,00:01:19,3.27
2017-07-11,17,2846,10159,15620,0.6%,00:01:20,3.57
2017-07-10,16,2930,11475,15603,0.55%,00:01:25,3.92
2017-07-09,13,3056,11417,15587,0.43%,00:01:19,3.74
2017-07-08,18,3369,13172,15574,0.53%,00:01:24,3.91
2017-07-07,16,4661,23233,15556,0.34%,00:01:50,4.98
2017-07-06,16,5734,37232,15540,0.28%,00:02:22,6.49
2017-07-05,40,6562,54300,15524,0.61%,00:03:11,8.27
2017-07-04,42,6995,74720,15484,0.6%,00:03:50,10.68
2017-07-03,50,7452,93930,15442,0.67%,00:04:21,12.6
2017-07-02,23,7188,76207,15392,0.32%,00:03:41,10.6
2017-07-01,28,7258,74727,15369,0.39%,00:03:35,10.3
2017-06-30,48,7367,91143,15341,0.65%,00:04:47,12.37
2017-06-29,37,7313,75078,15293,0.51%,00:03:30,10.27
2017-06-28,42,7243,71109,15256,0.58%,00:03:27,9.82
2017-06-27,37,7186,67924,15214,0.51%,00:03:19,9.45
2017-06-26,33,6794,62460,15177,0.49%,00:03:18,9.19
2017-06-25,22,6519,41468,15144,0.34%,00:02:18,6.36
2017-06-24,23,6438,38451,15122,0.36%,00:02:17,5.97
2017-06-23,25,6135,30969,15099,0.41%,00:02:15,5.05
2017-06-22,23,5848,28646,15074,0.39%,00:02:15,4.9
2017-06-21,27,5814,29982,15051,0.46%,00:02:35,5.16
2017-06-20,32,6222,40256,15024,0.51%,00:03:19,6.47
2017-06-19,32,5574,25678,14992,0.57%,00:02:08,4.61
2017-06-18,21,4938,24301,14960,0.43%,00:02:07,4.92
2017-06-17,17,3777,12445,14939,0.45%,00:01:39,3.29
2017-06-16,30,4606,18413,14922,0.65%,00:02:02,4.0
2017-06-15,31,5155,22665,14892,0.6%,00:02:20,4.4
2017-06-14,48,5645,31348,14861,0.85%,00:03:24,5.55
2017-06-13,57,6362,51951,14813,0.9%,00:04:14,8.17
2017-06-12,33,5333,25547,14756,0.62%,00:02:17,4.79
2017-06-11,21,3796,13488,14723,0.55%,00:01:33,3.55
2017-06-10,26,3162,10669,14702,0.82%,00:01:37,3.37
2017-06-09,23,4109,16165,14676,0.56%,00:02:05,3.93
2017-06-08,26,4729,20873,14653,0.55%,00:02:11,4.41
2017-06-07,40,5798,36979,14627,0.69%,00:03:21,6.38
2017-06-06,36,5250,26147,14587,0.69%,00:02:05,4.98
2017-06-05,26,5292,27907,14551,0.49%,00:01:57,5.27
2017-06-04,21,3391,12143,14525,0.62%,00:01:26,3.58
2017-06-03,12,2504,8918,14504,0.48%,00:01:24,3.56
2017-06-02,17,3087,11056,14492,0.55%,00:01:22,3.58
2017-06-01,21,3761,15020,14475,0.56%,00:01:27,3.99
2017-05-31,25,4299,18923,14454,0.58%,00:01:34,4.4
2017-05-30,16,2687,8333,14429,0.6%,00:01:19,3.1
2017-05-29,13,1993,6417,14413,0.65%,00:01:12,3.22
2017-05-28,19,2075,6642,14400,0.92%,00:01:12,3.2
2017-05-27,19,4319,18410,14381,0.44%,00:01:35,4.26
2017-05-26,12,3608,14084,14362,0.33%,00:01:35,3.9
2017-05-25,16,4749,24237,14350,0.34%,00:02:35,5.1
2017-05-24,10,4409,19840,14334,0.23%,00:01:36,4.5
2017-05-23,16,4427,19568,14324,0.36%,00:01:37,4.42
2017-05-22,16,3416,12130,14308,0.47%,00:01:21,3.55
2017-05-21,11,2055,6567,14292,0.54%,00:01:06,3.2
2017-05-20,12,1961,6440,14281,0.61%,00:01:06,3.28
2017-05-19,11,3017,10979,14269,0.36%,00:01:15,3.64
2017-05-18,15,3970,15828,14258,0.38%,00:01:16,3.99
2017-05-17,20,4440,20448,14243,0.45%,00:01:31,4.61
2017-05-16,23,4673,21173,14223,0.49%,00:01:30,4.53
2017-05-15,16,4903,24303,14200,0.33%,00:01:43,4.96
2017-05-14,13,3296,11880,14184,0.39%,00:01:23,3.6
2017-05-13,15,2567,9494,14171,0.58%,00:01:26,3.7
2017-05-12,14,3265,12157,14156,0.43%,00:01:20,3.72
2017-05-11,20,4383,18799,14142,0.46%,00:01:29,4.29
2017-05-10,17,4948,24237,14122,0.34%,00:01:38,4.9
2017-05-09,15,5077,25281,14105,0.3%,00:01:43,4.98
2017-05-08,19,5721,33639,14090,0.33%,00:02:05,5.88
2017-05-07,18,4070,14580,14071,0.44%,00:01:22,3.58
2017-05-06,12,3149,11543,14053,0.38%,00:01:28,3.67
2017-05-05,17,4303,17972,14041,0.4%,00:01:30,4.18
2017-05-04,28,5793,33112,14024,0.48%,00:02:04,5.72
2017-05-03,34,6606,52119,13996,0.51%,00:02:54,7.89
2017-05-02,47,6826,53533,13962,0.69%,00:02:57,7.84
2017-05-01,27,5520,25846,13915,0.49%,00:02:03,4.68
2017-04-30,16,4254,18665,13888,0.38%,00:01:46,4.39
2017-04-29,22,4258,19419,13872,0.52%,00:01:51,4.56
2017-04-28,27,5458,31760,13850,0.49%,00:02:14,5.82
2017-04-27,37,6309,44541,13823,0.59%,00:02:49,7.06
2017-04-26,29,6040,37587,13786,0.48%,00:02:41,6.22
2017-04-25,32,5880,35779,13757,0.54%,00:02:34,6.08
2017-04-24,30,5701,33841,13725,0.53%,00:02:29,5.94
2017-04-23,22,4624,18749,13695,0.48%,00:01:33,4.05
2017-04-22,19,3617,12366,13673,0.53%,00:01:25,3.42
2017-04-21,32,3806,14195,13654,0.84%,00:01:30,3.73
2017-04-20,19,4588,19153,13622,0.41%,00:01:31,4.17
2017-04-19,20,4690,21412,13603,0.43%,00:01:41,4.57
2017-04-18,15,4878,22412,13583,0.31%,00:01:43,4.59
2017-04-17,28,4937,22775,13501,0.57%,00:01:48,4.61
2017-04-16,21,3683,13898,13477,0.57%,00:01:43,3.77
2017-04-15,13,2736,9385,13460,0.48%,00:01:24,3.43
2017-04-14,10,3302,12314,13451,0.3%,00:01:26,3.73
2017-04-13,19,4248,17593,13445,0.45%,00:01:30,4.14
2017-04-12,18,4558,21845,13431,0.39%,00:01:38,4.79
2017-04-11,31,4894,23911,13416,0.63%,00:01:38,4.89
2017-04-10,26,4766,23355,13428,0.55%,00:01:46,4.9
2017-04-09,14,3034,10792,13402,0.46%,00:01:20,3.56
2017-04-08,18,2273,8378,13388,0.79%,00:01:25,3.69
2017-04-07,18,3159,12088,13370,0.57%,00:01:21,3.83
2017-04-06,22,4266,18815,13352,0.52%,00:01:27,4.41
2017-04-05,26,4675,22439,13330,0.56%,00:01:40,4.8
2017-04-04,19,2658,8563,13304,0.71%,00:01:13,3.22
2017-04-03,13,1694,4747,13285,0.77%,00:01:14,2.8
2017-04-02,13,1674,4782,13272,0.78%,00:01:07,2.86
2017-04-01,22,3980,18075,13259,0.55%,00:01:23,4.54
2017-03-31,27,3439,14625,13237,0.79%,00:01:30,4.25
2017-03-30,14,4273,21074,13210,0.33%,00:01:36,4.93
2017-03-29,17,4836,26278,13196,0.35%,00:01:47,5.43
2017-03-28,15,4969,26096,13179,0.3%,00:01:41,5.25
2017-03-27,26,5085,27967,13164,0.51%,00:01:50,5.5
2017-03-26,20,3103,11245,13138,0.64%,00:01:29,3.62
2017-03-25,13,2335,8248,13118,0.56%,00:01:20,3.53
2017-03-24,17,3445,13617,13105,0.49%,00:01:18,3.95
2017-03-23,13,4691,22182,13088,0.28%,00:01:25,4.73
2017-03-22,16,5166,27148,13075,0.31%,00:01:36,5.26
2017-03-21,11,5319,28749,13059,0.21%,00:01:39,5.4
2017-03-20,30,5514,31990,13048,0.54%,00:01:51,5.8
2017-03-19,18,3393,12679,13018,0.53%,00:01:32,3.74
2017-03-18,22,2619,9574,13000,0.84%,00:01:31,3.66
2017-03-17,16,4074,16958,12978,0.39%,00:01:25,4.16
2017-03-16,22,5280,28273,12962,0.42%,00:01:42,5.35
2017-03-15,20,5778,35832,12940,0.35%,00:01:58,6.2
2017-03-14,34,6101,40163,12920,0.56%,00:02:12,6.58
2017-03-13,31,6069,41294,12886,0.51%,00:02:18,6.8
2017-03-12,20,4115,17372,12855,0.49%,00:01:49,4.22
2017-03-11,22,3066,11803,12835,0.72%,00:01:45,3.85
2017-03-10,32,4798,23040,12813,0.67%,00:01:54,4.8
2017-03-09,34,6113,39349,12781,0.56%,00:02:03,6.44
2017-03-08,30,6669,55013,12747,0.45%,00:02:31,8.25
2017-03-07,34,6755,56003,12717,0.5%,00:02:41,8.29
2017-03-06,44,6727,61617,12683,0.65%,00:03:09,9.16
2017-03-05,31,4978,24187,12639,0.62%,00:02:06,4.86
2017-03-04,21,3980,17813,12608,0.53%,00:01:59,4.48
2017-03-03,39,5996,37988,12587,0.65%,00:02:21,6.34
2017-03-02,40,7063,80857,12548,0.57%,00:04:17,11.45
2017-03-01,56,7148,98149,12508,0.78%,00:05:24,13.73
2017-02-28,89,7247,110817,12452,1.23%,00:06:29,15.29
2017-02-27,122,7373,127512,12363,1.65%,00:08:14,17.29
2017-02-26,167,6569,52541,12241,2.54%,00:05:23,8.0
2017-02-25,72,4362,23247,12074,1.65%,00:03:26,5.33
2017-02-24,86,4524,26830,12002,1.9%,00:04:12,5.93
2017-02-23,61,3054,12260,11916,2.0%,00:02:25,4.01
2017-02-22,53,2579,8762,11855,2.06%,00:01:59,3.4
2017-02-21,32,2123,7095,11802,1.51%,00:01:49,3.34
2017-02-20,40,1869,5424,11770,2.14%,00:01:41,2.9
2017-02-19,25,1553,4382,11730,1.61%,00:01:35,2.82
2017-02-18,22,1326,3409,11705,1.66%,00:01:39,2.57
2017-02-17,29,1268,3334,11683,2.29%,00:01:33,2.63
2017-02-16,28,1261,3183,11654,2.22%,00:01:24,2.52
2017-02-15,18,1220,3020,11626,1.48%,00:01:24,2.48
2017-02-14,20,1079,2638,11608,1.85%,00:01:15,2.44
2017-02-13,26,1041,2628,11588,2.5%,00:01:21,2.52
2017-02-12,15,1043,2507,11562,1.44%,00:01:16,2.4
2017-02-11,16,884,2047,11547,1.81%,00:01:09,2.32
2017-02-10,10,994,2327,11531,1.01%,00:01:09,2.34
2017-02-09,14,1060,2402,11521,1.32%,00:01:15,2.27
2017-02-08,13,1047,2398,11507,1.24%,00:01:12,2.29
2017-02-07,18,1134,2669,11494,1.59%,00:01:18,2.35
2017-02-06,14,1159,2607,11476,1.21%,00:01:06,2.25
2017-02-05,18,1128,2673,11462,1.6%,00:01:07,2.37
2017-02-04,23,1202,2878,11444,1.91%,00:01:10,2.39
2017-02-03,13,1213,2710,11421,1.07%,00:01:04,2.23
2017-02-02,18,1167,2780,11408,1.54%,00:01:00,2.38
2017-02-01,12,1249,2919,11390,0.96%,00:01:03,2.34
2017-01-31,17,1209,2698,11378,1.41%,00:01:01,2.23
2017-01-30,7,1269,2762,11361,0.55%,00:00:58,2.18
2017-01-29,10,1376,3327,11354,0.73%,00:01:11,2.42
2017-01-28,11,1589,3792,11344,0.69%,00:00:52,2.39
2017-01-27,22,1722,4859,11333,1.28%,00:01:01,2.82
2017-01-26,28,2667,9675,11311,1.05%,00:01:21,3.63
2017-01-25,30,3365,13527,11283,0.89%,00:01:25,4.02
2017-01-24,40,3910,18788,11253,1.02%,00:01:40,4.81
2017-01-23,42,4709,28202,11213,0.89%,00:02:05,5.99
2017-01-22,71,5921,49566,11171,1.2%,00:02:57,8.37
2017-01-21,72,6263,55599,11100,1.15%,00:03:08,8.88
2017-01-20,86,6921,90771,11028,1.24%,00:04:49,13.12
2017-01-19,85,7070,100834,10942,1.2%,00:04:39,14.26
2017-01-18,70,7146,102746,10857,0.98%,00:04:59,14.38
2017-01-17,90,7062,114896,10787,1.27%,00:05:30,16.27
2017-01-16,70,6915,96322,10697,1.01%,00:04:40,13.93
2017-01-15,56,6566,79804,10627,0.85%,00:03:46,12.15
2017-01-14,55,6406,74458,10571,0.86%,00:03:55,11.62
2017-01-13,81,6345,65758,10516,1.28%,00:03:46,10.36
2017-01-12,97,6097,52220,10435,1.59%,00:03:17,8.56
2017-01-11,47,5856,40357,10338,0.8%,00:02:48,6.89
2017-01-10,49,5462,33695,10291,0.9%,00:02:54,6.17
2017-01-09,53,5259,38472,10242,1.01%,00:03:32,7.32
2017-01-08,32,3838,17807,10189,0.83%,00:01:54,4.64
2017-01-07,27,3503,15906,10157,0.77%,00:01:48,4.54
2017-01-06,40,3784,18489,10130,1.06%,00:02:04,4.89
2017-01-05,24,4377,23318,10090,0.55%,00:02:20,5.33
2017-01-04,54,4871,32055,10066,1.11%,00:03:41,6.58
2017-01-03,63,5235,45102,10012,1.2%,00:04:50,8.62
2017-01-02,39,3531,15083,9949,1.1%,00:02:06,4.27
2017-01-01,18,2454,9788,9910,0.73%,00:01:58,3.99
2016-12-31,25,2012,7608,9892,1.24%,00:01:46,3.78
2016-12-30,24,3005,14441,9867,0.8%,00:02:42,4.81
2016-12-29,48,3863,21374,9843,1.24%,00:02:53,5.53
2016-12-28,48,4774,43314,9795,1.01%,00:06:05,9.07
2016-12-27,51,4876,54085,9747,1.05%,00:05:43,11.09
2016-12-26,61,4047,25101,9696,1.51%,00:02:21,6.2
2016-12-25,26,2450,10782,9635,1.06%,00:01:40,4.4
2016-12-24,26,2279,10838,9609,1.14%,00:01:54,4.76
2016-12-23,34,3135,17365,9583,1.08%,00:03:13,5.54
2016-12-22,52,3974,25780,9549,1.31%,00:04:01,6.49
2016-12-21,65,4889,52569,9497,1.33%,00:08:28,10.75
2016-12-20,80,4223,29543,9432,1.89%,00:03:27,7.0
2016-12-19,58,4060,27765,9352,1.43%,00:02:55,6.84
2016-12-18,46,2372,10557,9294,1.94%,00:01:43,4.45
2016-12-17,24,2021,9078,9248,1.19%,00:01:28,4.49
2016-12-16,28,2525,11552,9224,1.11%,00:01:30,4.58
2016-12-15,39,3467,16720,9196,1.12%,00:01:36,4.82
2016-12-14,43,3638,18339,9157,1.18%,00:01:37,5.04
2016-12-13,39,3635,18312,9114,1.07%,00:01:40,5.04
2016-12-12,44,3729,19812,9075,1.18%,00:01:46,5.31
2016-12-11,38,2454,10499,9031,1.55%,00:01:27,4.28
2016-12-10,29,1877,8358,8993,1.55%,00:01:29,4.45
2016-12-09,30,2605,12725,8964,1.15%,00:01:39,4.88
2016-12-08,44,3417,17683,8934,1.29%,00:02:06,5.18
2016-12-07,38,3774,21151,8890,1.01%,00:02:05,5.6
2016-12-06,43,3499,17855,8852,1.23%,00:01:32,5.1
2016-12-05,33,3631,19893,8809,0.91%,00:01:39,5.48
2016-12-04,43,2320,10305,8776,1.85%,00:01:26,4.44
2016-12-03,25,1829,7680,8733,1.37%,00:01:19,4.2
2016-12-02,38,2588,11578,8708,1.47%,00:01:24,4.47
2016-12-01,40,3472,17684,8670,1.15%,00:01:33,5.09
2016-11-30,47,3835,20505,8630,1.23%,00:01:41,5.35
2016-11-29,53,3911,20961,8583,1.36%,00:01:40,5.36
2016-11-28,59,4031,22274,8530,1.46%,00:01:54,5.53
2016-11-27,51,2668,12161,8471,1.91%,00:01:44,4.56
2016-11-26,32,2145,8686,8420,1.49%,00:01:31,4.05
2016-11-25,35,2980,13370,8388,1.17%,00:01:38,4.49
2016-11-24,62,3970,20826,8353,1.56%,00:01:47,5.25
2016-11-23,56,4281,24480,8291,1.31%,00:02:00,5.72
2016-11-22,92,4465,25940,8235,2.06%,00:02:09,5.81
2016-11-21,107,4937,34922,8143,2.17%,00:02:42,7.07
2016-11-20,83,3996,19644,8036,2.08%,00:02:13,4.92
2016-11-19,93,3877,20211,7953,2.4%,00:02:19,5.21
2016-11-18,106,4551,28282,7860,2.33%,00:02:36,6.21
2016-11-17,158,5126,39451,7754,3.08%,00:03:11,7.7
2016-11-16,174,5334,45732,7596,3.26%,00:03:28,8.57
2016-11-15,288,5337,44772,7422,5.4%,00:03:47,8.39
2016-11-14,244,4728,32215,7134,5.16%,00:03:08,6.81
2016-11-13,195,3792,18381,6890,5.14%,00:02:18,4.85
2016-11-12,185,3511,17748,6695,5.27%,00:02:11,5.05
2016-11-11,176,3436,16661,6510,5.12%,00:02:15,4.85
2016-11-10,268,3375,16111,6334,7.94%,00:02:10,4.77
2016-11-09,354,3577,17854,6066,9.9%,00:02:22,4.99
2016-11-08,474,3444,17562,5712,13.76%,00:02:40,5.1
2016-11-07,749,3528,20610,5238,21.23%,00:03:37,5.84
2016-11-06,651,2519,11022,4489,25.84%,00:02:53,4.38
2016-11-05,964,2239,9423,3838,43.05%,00:03:00,4.21
2016-11-04,2341,2656,16815,2874,88.14%,00:04:40,6.33
2016-11-03,7,249,1741,533,2.81%,00:02:15,6.99
2016-11-02,2,266,1896,526,0.75%,00:02:21,7.13
2016-11-01,5,267,1977,524,1.87%,00:02:31,7.4
2016-10-31,1,266,2008,519,0.38%,00:02:48,7.55
2016-10-30,9,183,1292,518,4.92%,00:02:26,7.06
2016-10-29,2,176,864,509,1.14%,00:01:55,4.91
2016-10-28,0,223,1385,507,0.0%,00:02:03,6.21
2016-10-27,6,261,1711,507,2.3%,00:02:12,6.56
2016-10-26,2,282,2113,501,0.71%,00:02:06,7.49
2016-10-25,0,268,2120,499,0.0%,00:02:22,7.91
2016-10-24,5,302,2298,499,1.66%,00:02:22,7.61
2016-10-23,1,197,1283,494,0.51%,00:02:41,6.51
2016-10-22,2,164,761,493,1.22%,00:01:46,4.64
2016-10-21,0,162,917,491,0.0%,00:02:35,5.66
2016-10-20,2,244,1667,491,0.82%,00:02:01,6.83
2016-10-19,10,300,2305,489,3.33%,00:02:31,7.68
2016-10-18,18,297,2249,479,6.06%,00:02:21,7.57
2016-10-17,3,278,2275,461,1.08%,00:02:23,8.18
2016-10-16,1,174,1055,458,0.57%,00:02:17,6.06
2016-10-15,0,154,799,457,0.0%,00:01:42,5.19
2016-10-14,0,196,1320,457,0.0%,00:01:59,6.73
2016-10-13,2,256,1910,457,0.78%,00:02:44,7.46
2016-10-12,3,289,2554,455,1.04%,00:02:24,8.84
2016-10-11,10,297,2901,452,3.37%,00:03:15,9.77
2016-10-10,3,287,2864,442,1.05%,00:02:58,9.98
2016-10-09,1,255,1780,439,0.39%,00:02:20,6.98
2016-10-08,2,286,2464,438,0.7%,00:02:51,8.62
2016-10-07,3,201,1004,436,1.49%,00:02:14,5.0
2016-10-06,12,195,1164,433,6.15%,00:03:19,5.97
2016-10-05,6,181,735,421,3.31%,00:02:25,4.06
2016-10-04,0,128,506,415,0.0%,00:02:02,3.95
2016-10-03,6,177,814,415,3.39%,00:02:16,4.6
2016-10-02,1,107,471,409,0.93%,00:02:27,4.4
2016-10-01,3,109,475,408,2.75%,00:01:34,4.36
2016-09-30,1,196,1282,405,0.51%,00:02:26,6.54
2016-09-29,6,259,2448,404,2.32%,00:02:51,9.45
2016-09-28,8,280,3205,398,2.86%,00:03:56,11.45
2016-09-27,46,282,3388,390,16.31%,00:04:04,12.01
2016-09-26,29,247,3036,344,11.74%,00:04:39,12.29
2016-09-25,3,169,1065,315,1.78%,00:02:26,6.3
2016-09-24,2,156,1055,312,1.28%,00:02:39,6.76
2016-09-23,3,202,1670,310,1.49%,00:02:52,8.27
2016-09-22,7,234,3459,307,2.99%,00:05:30,14.78
2016-09-21,21,246,4836,300,8.54%,00:07:28,19.66
2016-09-20,28,228,4301,279,12.28%,00:07:52,18.86
2016-09-19,106,220,4576,251,48.18%,00:10:35,20.8
2016-09-18,111,121,1861,145,91.74%,00:08:12,15.38
2016-09-17,2,10,160,34,20.0%,00:16:40,16.0
2016-09-16,0,7,46,32,0.0%,00:06:35,6.57
2016-09-15,1,11,58,32,9.09%,00:03:18,5.27
2016-09-14,0,7,54,31,0.0%,00:04:46,7.71
2016-09-13,0,4,8,31,0.0%,00:01:35,2.0
2016-09-12,0,5,36,31,0.0%,00:03:58,7.2
2016-09-11,0,7,17,31,0.0%,00:00:43,2.43
2016-09-10,0,6,48,31,0.0%,00:05:02,8.0
2016-09-09,0,4,17,31,0.0%,00:03:56,4.25
2016-09-08,0,3,5,31,0.0%,00:03:37,1.67
2016-09-07,0,7,20,31,0.0%,00:02:57,2.86
2016-09-06,1,9,143,31,11.11%,00:05:52,15.89
2016-09-05,0,3,16,30,0.0%,01:06:52,5.33
2016-09-04,0,3,43,30,0.0%,00:29:36,14.33
2016-09-03,0,3,66,30,0.0%,00:34:24,22.0
2016-09-02,1,8,275,30,12.5%,00:16:03,34.38
2016-09-01,1,6,20,29,16.67%,00:02:26,3.33
2016-08-31,0,5,29,28,0.0%,00:02:48,5.8
2016-08-30,3,11,576,28,27.27%,00:11:50,52.36
2016-08-29,0,6,97,25,0.0%,00:18:20,16.17
2016-08-28,1,8,76,25,12.5%,00:14:38,9.5
2016-08-27,0,2,21,24,0.0%,00:14:40,10.5
2016-08-26,0,6,28,24,0.0%,00:04:52,4.67
2016-08-25,0,3,9,24,0.0%,00:00:49,3.0
2016-08-24,1,2,11,24,50.0%,00:02:55,5.5
2016-08-23,0,4,23,23,0.0%,00:02:40,5.75
2016-08-22,0,2,42,23,0.0%,00:23:32,21.0
2016-08-21,0,4,7,23,0.0%,00:00:36,1.75
2016-08-20,0,4,10,23,0.0%,00:01:26,2.5
2016-08-19,0,3,4,23,0.0%,00:00:47,1.33
2016-08-18,1,4,35,23,25.0%,00:07:29,8.75
2016-08-17,0,6,16,22,0.0%,00:01:32,2.67
2016-08-16,0,4,21,22,0.0%,00:04:49,5.25
2016-08-15,1,8,81,22,12.5%,00:05:47,10.13
2016-08-14,2,10,132,21,20.0%,00:14:53,13.2
2016-08-13,9,11,375,19,81.82%,00:26:26,34.09
2016-08-12,1,2,291,10,50.0%,00:39:43,145.5
2016-08-11,1,2,35,9,50.0%,00:39:25,17.5
2016-08-10,0,0,0,8,0.0%,00:00:00,0.0
2016-08-09,0,2,38,8,0.0%,00:26:24,19.0
2016-08-08,0,1,3,8,0.0%,00:02:45,3.0
2016-08-07,0,1,9,8,0.0%,00:08:37,9.0
2016-08-06,0,0,0,8,0.0%,00:00:00,0.0
2016-08-05,0,0,0,8,0.0%,00:00:00,0.0
2016-08-04,0,0,0,8,0.0%,00:00:00,0.0
2016-08-03,0,1,5,8,0.0%,00:00:43,5.0
2016-08-02,0,0,0,8,0.0%,00:00:00,0.0
2016-08-01,0,1,6,8,0.0%,00:05:18,6.0
2016-07-31,0,1,42,8,0.0%,00:56:06,42.0
2016-07-30,0,1,34,8,0.0%,02:05:39,34.0
2016-07-29,0,2,66,8,0.0%,00:16:48,33.0
2016-07-28,0,1,6,8,0.0%,00:03:22,6.0
2016-07-27,1,3,6,8,33.33%,00:00:00,2.0
2016-07-26,0,0,0,7,0.0%,00:00:00,0.0
2016-07-25,0,0,0,7,0.0%,00:00:00,0.0
2016-07-24,0,0,0,7,0.0%,00:00:00,0.0
2016-07-23,0,0,0,7,0.0%,00:00:00,0.0
2016-07-22,0,1,3,7,0.0%,00:04:44,3.0
2016-07-21,0,1,3,7,0.0%,00:04:21,3.0
2016-07-20,0,0,0,7,0.0%,00:00:00,0.0
2016-07-19,0,1,7,7,0.0%,00:05:42,7.0
2016-07-18,0,0,0,7,0.0%,00:00:00,0.0
2016-07-17,0,0,0,7,0.0%,00:00:00,0.0
2016-07-16,0,0,0,7,0.0%,00:00:00,0.0
2016-07-15,0,1,15,7,0.0%,00:12:53,15.0
2016-07-14,0,1,9,7,0.0%,00:17:09,9.0
2016-07-13,0,1,6,7,0.0%,00:13:55,6.0
2016-07-12,0,1,13,7,0.0%,00:35:24,13.0
2016-07-11,0,1,22,7,0.0%,00:35:20,22.0
2016-07-10,0,2,58,7,0.0%,01:40:50,29.0
2016-07-09,0,1,67,7,0.0%,01:26:47,67.0
2016-07-08,1,2,50,7,50.0%,00:56:25,25.0
2016-07-07,1,2,122,6,50.0%,03:03:36,61.0
2016-07-06,0,2,67,5,0.0%,01:17:38,33.5
2016-07-05,0,1,55,5,0.0%,01:21:18,55.0
2016-07-04,0,2,24,5,0.0%,00:25:09,12.0
2016-07-03,0,1,7,5,0.0%,00:03:00,7.0
2016-07-02,0,1,6,5,0.0%,00:01:30,6.0
2016-07-01,0,1,18,5,0.0%,00:11:21,18.0
2016-06-30,0,1,8,5,0.0%,00:03:20,8.0
2016-06-29,0,2,16,5,0.0%,00:05:01,8.0
2016-06-28,1,2,49,5,50.0%,00:32:34,24.5
2016-06-27,0,0,0,4,0.0%,00:00:00,0.0
2016-06-26,0,0,0,4,0.0%,00:00:00,0.0
2016-06-25,0,1,1,4,0.0%,00:00:47,1.0
2016-06-24,0,1,2,4,0.0%,00:01:41,2.0
2016-06-23,0,1,1,4,0.0%,00:00:01,1.0
2016-06-22,0,1,2,4,0.0%,00:00:24,2.0
2016-06-21,0,0,0,4,0.0%,00:00:00,0.0
2016-06-20,0,0,0,4,0.0%,00:00:00,0.0
2016-06-19,0,0,0,4,0.0%,00:00:00,0.0
2016-06-18,0,0,0,4,0.0%,00:00:00,0.0
2016-06-17,0,1,1,4,0.0%,00:00:00,1.0
2016-06-16,0,0,0,4,0.0%,00:00:00,0.0
2016-06-15,0,0,0,4,0.0%,00:00:00,0.0
2016-06-14,0,0,0,4,0.0%,00:00:00,0.0
2016-06-13,0,0,0,4,0.0%,00:00:00,0.0
2016-06-12,0,1,10,4,0.0%,00:04:35,10.0
2016-06-11,0,0,0,4,0.0%,00:00:00,0.0
2016-06-10,0,0,0,4,0.0%,00:00:00,0.0
2016-06-09,0,0,0,4,0.0%,00:00:00,0.0
2016-06-08,0,0,0,4,0.0%,00:00:00,0.0
2016-06-07,0,0,0,4,0.0%,00:00:00,0.0
2016-06-06,0,0,0,4,0.0%,00:00:00,0.0
2016-06-05,0,1,1,4,0.0%,00:00:17,1.0
2016-06-04,0,1,1,4,0.0%,00:00:06,1.0
2016-06-03,0,0,0,4,0.0%,00:00:00,0.0
2016-06-02,0,0,0,4,0.0%,00:00:00,0.0
2016-06-01,0,1,1,4,0.0%,00:00:44,1.0
2016-05-31,0,1,1,4,0.0%,00:01:45,1.0
2016-05-30,0,1,2,4,0.0%,00:02:19,2.0
2016-05-29,0,0,0,4,0.0%,00:00:00,0.0
2016-05-28,0,0,0,4,0.0%,00:00:00,0.0
2016-05-27,0,1,4,4,0.0%,00:00:16,4.0
2016-05-26,0,0,0,4,0.0%,00:00:00,0.0
2016-05-25,0,1,1,4,0.0%,00:00:53,1.0
2016-05-24,0,1,10,4,0.0%,00:05:56,10.0
2016-05-23,0,3,20,4,0.0%,00:06:14,6.67
2016-05-22,0,1,7,4,0.0%,00:03:52,7.0
2016-05-21,0,1,14,4,0.0%,00:13:01,14.0
2016-05-20,0,1,52,4,0.0%,00:52:12,52.0
2016-05-19,1,2,35,4,50.0%,00:14:47,17.5
2016-05-18,0,2,45,3,0.0%,01:13:31,22.5
2016-05-17,0,1,38,3,0.0%,00:30:55,38.0
2016-05-16,0,2,105,3,0.0%,01:14:17,52.5
2016-05-15,0,1,67,3,0.0%,02:06:15,67.0
2016-05-14,0,1,138,3,0.0%,02:39:32,138.0
2016-05-13,1,2,88,3,50.0%,00:33:18,44.0
2016-05-12,0,1,3,2,0.0%,00:08:54,3.0
2016-05-11,0,1,5,2,0.0%,00:14:06,5.0
2016-05-10,0,1,5,2,0.0%,00:01:12,5.0
2016-05-09,0,1,4,2,0.0%,00:13:21,4.0
2016-05-08,0,1,7,2,0.0%,00:02:31,7.0
2016-05-07,0,1,7,2,0.0%,00:12:36,7.0
2016-05-06,0,0,0,2,0.0%,00:00:00,0.0
2016-05-05,0,1,4,2,0.0%,00:00:15,4.0
2016-05-04,0,1,1,2,0.0%,00:00:36,1.0
2016-05-03,0,1,1,2,0.0%,00:02:30,1.0
2016-05-02,1,2,4,2,50.0%,00:00:18,2.0
2016-05-01,0,1,4,1,0.0%,00:00:00,4.0
2016-04-30,0,1,2,1,0.0%,00:00:02,2.0
2016-04-29,1,1,2,1,100.0%,00:01:27,2.0
2016-04-28,0,0,0,0,0.0%,00:00:00,0.0
